2011090800,NO @ GB,0,2
2011090800,GB @ NO,0,2
2011090800,GB @ NO,1,3
2011090800,GB @ NO,0,4
2011090800,GB @ NO,0,4
2011090800,NO @ GB,0,4
2011091101,CLE @ CIN,0,1
2011091107,STL @ PHI,0,1
2011091103,JAC @ TEN,0,1
2011091103,JAC @ TEN,0,1
2011091109,CAR @ ARI,0,1
2011091110,SF @ SEA,0,1
2011091112,DAL @ NYJ,0,1
2011091109,ARI @ CAR,0,1
2011091103,TEN @ JAC,0,1
2011091111,SD @ MIN,0,1
2011091100,BAL @ PIT,0,1
2011091104,BUF @ KC,0,1
2011091104,KC @ BUF,0,1
2011091110,SF @ SEA,0,1
2011091104,BUF @ KC,0,1
2011091110,SEA @ SF,0,1
2011091104,KC @ BUF,0,1
2011091108,WAS @ NYG,0,1
2011091100,PIT @ BAL,0,1
2011091102,IND @ HOU,0,1
2011091107,PHI @ STL,0,1
2011091109,CAR @ ARI,0,1
2011091110,SEA @ SF,0,1
2011091101,CLE @ CIN,0,1
2011091103,TEN @ JAC,0,1
2011091111,SD @ MIN,0,1
2011091109,ARI @ CAR,1,1
2011091110,SEA @ SF,1,1
2011091108,NYG @ WAS,1,1
2011091105,CHI @ ATL,1,1
2011091104,KC @ BUF,1,1
2011091110,SEA @ SF,1,1
2011091101,CLE @ CIN,1,1
2011091112,NYJ @ DAL,1,1
2011091111,MIN @ SD,1,1
2011091108,NYG @ WAS,1,1
2011091108,WAS @ NYG,1,1
2011091103,JAC @ TEN,0,2
2011091101,CIN @ CLE,0,2
2011091100,PIT @ BAL,0,2
2011091102,IND @ HOU,0,2
2011091101,CLE @ CIN,0,2
2011091103,JAC @ TEN,0,2
2011091103,JAC @ TEN,0,2
2011091107,STL @ PHI,0,2
2011091103,TEN @ JAC,0,2
2011091109,CAR @ ARI,0,2
2011091105,ATL @ CHI,0,2
2011091100,PIT @ BAL,0,2
2011091101,CIN @ CLE,0,2
2011091108,WAS @ NYG,0,2
2011091100,BAL @ PIT,0,2
2011091108,NYG @ WAS,0,2
2011091112,NYJ @ DAL,0,2
2011091109,CAR @ ARI,0,2
2011091105,ATL @ CHI,0,2
2011091103,TEN @ JAC,0,2
2011091106,DET @ TB,0,2
2011091107,PHI @ STL,0,2
2011091105,CHI @ ATL,0,2
2011091112,NYJ @ DAL,0,2
2011091103,TEN @ JAC,1,2
2011091111,MIN @ SD,1,2
2011091110,SEA @ SF,1,2
2011091101,CIN @ CLE,1,2
2011091102,IND @ HOU,1,2
2011091106,TB @ DET,1,2
2011091112,NYJ @ DAL,1,2
2011091112,DAL @ NYJ,1,2
2011091110,SEA @ SF,1,2
2011091111,SD @ MIN,1,2
2011091112,DAL @ NYJ,1,2
2011091102,IND @ HOU,1,2
2011091106,TB @ DET,1,2
2011091101,CIN @ CLE,0,3
2011091108,WAS @ NYG,0,3
2011091112,DAL @ NYJ,0,3
2011091106,TB @ DET,0,3
2011091106,DET @ TB,0,3
2011091100,PIT @ BAL,0,3
2011091105,CHI @ ATL,0,3
2011091105,ATL @ CHI,0,3
2011091110,SF @ SEA,0,3
2011091101,CLE @ CIN,0,3
2011091102,IND @ HOU,0,3
2011091110,SEA @ SF,0,3
2011091102,HOU @ IND,0,3
2011091108,WAS @ NYG,0,3
2011091110,SF @ SEA,0,3
2011091104,KC @ BUF,0,3
2011091108,NYG @ WAS,0,3
2011091104,BUF @ KC,0,3
2011091102,IND @ HOU,0,3
2011091112,NYJ @ DAL,0,3
2011091104,KC @ BUF,1,3
2011091109,ARI @ CAR,1,3
2011091106,TB @ DET,1,3
2011091101,CIN @ CLE,1,3
2011091111,MIN @ SD,1,3
2011091103,TEN @ JAC,1,3
2011091106,TB @ DET,1,3
2011091101,CIN @ CLE,1,3
2011091110,SF @ SEA,1,3
2011091109,ARI @ CAR,1,3
2011091105,CHI @ ATL,0,4
2011091105,CHI @ ATL,0,4
2011091108,WAS @ NYG,0,4
2011091106,DET @ TB,0,4
2011091107,STL @ PHI,0,4
2011091103,JAC @ TEN,0,4
2011091109,ARI @ CAR,0,4
2011091112,DAL @ NYJ,0,4
2011091110,SEA @ SF,0,4
2011091111,MIN @ SD,0,4
2011091104,KC @ BUF,0,4
2011091101,CLE @ CIN,0,4
2011091105,CHI @ ATL,0,4
2011091100,BAL @ PIT,0,4
2011091112,DAL @ NYJ,0,4
2011091109,CAR @ ARI,0,4
2011091106,DET @ TB,0,4
2011091105,ATL @ CHI,0,4
2011091101,CLE @ CIN,0,4
2011091104,BUF @ KC,0,4
2011091102,HOU @ IND,0,4
2011091109,CAR @ ARI,0,4
2011091111,MIN @ SD,0,4
2011091103,JAC @ TEN,0,4
2011091103,JAC @ TEN,0,4
2011091107,STL @ PHI,0,4
2011091103,TEN @ JAC,0,4
2011091101,CLE @ CIN,0,4
2011091109,CAR @ ARI,0,4
2011091107,PHI @ STL,0,4
2011091105,ATL @ CHI,0,4
2011091111,MIN @ SD,0,4
2011091112,NYJ @ DAL,1,4
2011091104,BUF @ KC,1,4
2011091101,CIN @ CLE,1,4
2011091108,NYG @ WAS,1,4
2011091104,KC @ BUF,1,4
2011091105,CHI @ ATL,1,4
2011091100,BAL @ PIT,1,4
2011091104,KC @ BUF,1,4
2011091101,CIN @ CLE,1,4
2011091106,DET @ TB,1,4
2011091100,BAL @ PIT,1,4
2011091108,NYG @ WAS,1,4
2011091201,DEN @ OAK,0,1
2011091201,DEN @ OAK,0,1
2011091200,MIA @ NE,1,1
2011091201,OAK @ DEN,1,1
2011091200,MIA @ NE,0,2
2011091200,MIA @ NE,0,2
2011091201,OAK @ DEN,0,2
2011091200,NE @ MIA,0,2
2011091201,DEN @ OAK,0,2
2011091200,NE @ MIA,1,2
2011091200,MIA @ NE,1,2
2011091201,OAK @ DEN,0,3
2011091201,OAK @ DEN,1,3
2011091201,OAK @ DEN,1,3
2011091200,NE @ MIA,0,4
2011091201,OAK @ DEN,0,4
2011091201,DEN @ OAK,0,4
2011091200,NE @ MIA,1,4
2011091200,MIA @ NE,1,4
2011091200,MIA @ NE,1,4
2011091813,HOU @ MIA,0,1
2011091800,DET @ KC,0,1
2011091812,CIN @ DEN,0,1
2011091804,CLE @ IND,0,1
2011091801,BUF @ OAK,0,1
2011091802,TEN @ BAL,0,1
2011091810,SF @ DAL,0,1
2011091810,SF @ DAL,0,1
2011091803,NYJ @ JAC,0,1
2011091800,DET @ KC,0,1
2011091806,TB @ MIN,0,1
2011091814,ATL @ PHI,0,1
2011091803,JAC @ NYJ,0,1
2011091804,IND @ CLE,0,1
2011091809,SEA @ PIT,0,1
2011091804,CLE @ IND,0,1
2011091801,OAK @ BUF,0,1
2011091806,MIN @ TB,0,1
2011091802,TEN @ BAL,0,1
2011091811,SD @ NE,0,1
2011091814,PHI @ ATL,0,1
2011091801,BUF @ OAK,0,1
2011091808,NO @ CHI,0,1
2011091806,TB @ MIN,0,1
2011091801,OAK @ BUF,0,1
2011091802,BAL @ TEN,0,1
2011091808,CHI @ NO,0,1
2011091809,SEA @ PIT,1,1
2011091812,DEN @ CIN,1,1
2011091802,BAL @ TEN,1,1
2011091810,DAL @ SF,1,1
2011091807,GB @ CAR,1,1
2011091814,PHI @ ATL,1,1
2011091805,ARI @ WAS,1,1
2011091813,MIA @ HOU,1,1
2011091802,BAL @ TEN,1,1
2011091807,CAR @ GB,0,2
2011091805,ARI @ WAS,0,2
2011091803,NYJ @ JAC,0,2
2011091808,CHI @ NO,0,2
2011091814,ATL @ PHI,0,2
2011091807,GB @ CAR,0,2
2011091805,ARI @ WAS,0,2
2011091807,CAR @ GB,0,2
2011091800,DET @ KC,0,2
2011091812,CIN @ DEN,0,2
2011091800,DET @ KC,0,2
2011091803,JAC @ NYJ,0,2
2011091808,CHI @ NO,0,2
2011091800,KC @ DET,0,2
2011091812,DEN @ CIN,0,2
2011091806,TB @ MIN,0,2
2011091812,CIN @ DEN,0,2
2011091805,ARI @ WAS,1,2
2011091810,SF @ DAL,1,2
2011091806,TB @ MIN,1,2
2011091813,HOU @ MIA,1,2
2011091810,DAL @ SF,1,2
2011091800,KC @ DET,1,2
2011091809,SEA @ PIT,1,2
2011091814,ATL @ PHI,1,2
2011091810,DAL @ SF,1,2
2011091808,CHI @ NO,1,2
2011091804,CLE @ IND,0,3
2011091802,BAL @ TEN,0,3
2011091813,HOU @ MIA,0,3
2011091805,WAS @ ARI,0,3
2011091804,IND @ CLE,0,3
2011091809,SEA @ PIT,0,3
2011091804,CLE @ IND,0,3
2011091814,ATL @ PHI,0,3
2011091810,SF @ DAL,0,3
2011091808,CHI @ NO,0,3
2011091814,PHI @ ATL,0,3
2011091800,KC @ DET,0,3
2011091812,DEN @ CIN,0,3
2011091802,BAL @ TEN,0,3
2011091803,JAC @ NYJ,0,3
2011091800,DET @ KC,0,3
2011091808,NO @ CHI,0,3
2011091811,NE @ SD,0,3
2011091800,KC @ DET,0,3
2011091806,MIN @ TB,0,3
2011091813,MIA @ HOU,0,3
2011091809,PIT @ SEA,0,3
2011091803,JAC @ NYJ,0,3
2011091814,ATL @ PHI,0,3
2011091812,CIN @ DEN,0,3
2011091809,SEA @ PIT,0,3
2011091808,NO @ CHI,0,3
2011091805,ARI @ WAS,1,3
2011091801,OAK @ BUF,1,3
2011091811,NE @ SD,1,3
2011091813,HOU @ MIA,1,3
2011091806,MIN @ TB,1,3
2011091814,ATL @ PHI,1,3
2011091805,WAS @ ARI,1,3
2011091809,SEA @ PIT,1,3
2011091813,HOU @ MIA,1,3
2011091803,NYJ @ JAC,1,3
2011091806,MIN @ TB,1,3
2011091810,SF @ DAL,1,3
2011091805,WAS @ ARI,0,4
2011091803,NYJ @ JAC,0,4
2011091800,DET @ KC,0,4
2011091812,DEN @ CIN,0,4
2011091803,JAC @ NYJ,0,4
2011091808,CHI @ NO,0,4
2011091800,KC @ DET,0,4
2011091806,MIN @ TB,0,4
2011091806,MIN @ TB,0,4
2011091805,ARI @ WAS,0,4
2011091809,SEA @ PIT,0,4
2011091808,NO @ CHI,0,4
2011091812,DEN @ CIN,0,4
2011091804,CLE @ IND,0,4
2011091812,CIN @ DEN,0,4
2011091809,PIT @ SEA,0,4
2011091808,CHI @ NO,0,4
2011091808,NO @ CHI,0,4
2011091814,PHI @ ATL,0,4
2011091810,DAL @ SF,0,4
2011091802,TEN @ BAL,0,4
2011091805,WAS @ ARI,1,4
2011091805,WAS @ ARI,1,4
2011091814,ATL @ PHI,1,4
2011091813,HOU @ MIA,1,4
2011091810,SF @ DAL,1,4
2011091804,IND @ CLE,1,4
2011091812,DEN @ CIN,1,4
2011091803,NYJ @ JAC,1,4
2011091807,GB @ CAR,1,4
2011091813,MIA @ HOU,1,4
2011091808,CHI @ NO,1,4
2011091812,DEN @ CIN,1,4
2011091804,IND @ CLE,1,4
2011091809,PIT @ SEA,1,4
2011091809,SEA @ PIT,1,4
2011091810,SF @ DAL,1,5
2011091900,STL @ NYG,0,1
2011091900,NYG @ STL,0,1
2011091900,NYG @ STL,0,1
2011091900,STL @ NYG,0,2
2011091900,NYG @ STL,0,2
2011091900,STL @ NYG,0,2
2011091900,NYG @ STL,0,2
2011091900,NYG @ STL,0,2
2011091900,STL @ NYG,1,2
2011091900,STL @ NYG,0,4
2011091900,STL @ NYG,0,4
2011091900,NYG @ STL,0,4
2011091900,STL @ NYG,0,4
2011091900,NYG @ STL,0,4
2011092507,SF @ CIN,0,1
2011092501,NO @ HOU,0,1
2011092505,PHI @ NYG,0,1
2011092511,GB @ CHI,0,1
2011092510,STL @ BAL,0,1
2011092506,DET @ MIN,0,1
2011092500,CAR @ JAC,0,1
2011092513,ATL @ TB,0,1
2011092513,ATL @ TB,0,1
2011092513,ATL @ TB,0,1
2011092507,CIN @ SF,0,1
2011092514,PIT @ IND,0,1
2011092510,STL @ BAL,0,1
2011092513,TB @ ATL,0,1
2011092500,CAR @ JAC,0,1
2011092513,ATL @ TB,0,1
2011092514,IND @ PIT,0,1
2011092508,NYJ @ OAK,0,1
2011092512,SEA @ ARI,0,1
2011092503,MIA @ CLE,0,1
2011092509,KC @ SD,0,1
2011092510,STL @ BAL,1,1
2011092504,DEN @ TEN,1,1
2011092511,CHI @ GB,1,1
2011092514,IND @ PIT,1,1
2011092504,TEN @ DEN,1,1
2011092500,JAC @ CAR,1,1
2011092508,OAK @ NYJ,1,1
2011092514,IND @ PIT,1,1
2011092511,GB @ CHI,1,1
2011092508,OAK @ NYJ,1,1
2011092501,NO @ HOU,1,1
2011092503,CLE @ MIA,1,1
2011092507,SF @ CIN,1,1
2011092511,CHI @ GB,1,1
2011092504,TEN @ DEN,1,1
2011092506,DET @ MIN,1,1
2011092508,OAK @ NYJ,1,1
2011092513,ATL @ TB,1,1
2011092510,STL @ BAL,1,1
2011092504,DEN @ TEN,1,1
2011092510,STL @ BAL,1,1
2011092505,NYG @ PHI,1,1
2011092504,DEN @ TEN,0,2
2011092500,CAR @ JAC,0,2
2011092507,SF @ CIN,0,2
2011092506,DET @ MIN,0,2
2011092505,NYG @ PHI,0,2
2011092500,CAR @ JAC,0,2
2011092512,SEA @ ARI,0,2
2011092500,JAC @ CAR,0,2
2011092509,KC @ SD,0,2
2011092506,DET @ MIN,0,2
2011092500,CAR @ JAC,0,2
2011092503,CLE @ MIA,0,2
2011092507,CIN @ SF,0,2
2011092507,SF @ CIN,0,2
2011092509,SD @ KC,0,2
2011092502,BUF @ NE,0,2
2011092506,DET @ MIN,0,2
2011092509,KC @ SD,0,2
2011092507,CIN @ SF,0,2
2011092500,JAC @ CAR,0,2
2011092502,BUF @ NE,0,2
2011092501,HOU @ NO,0,2
2011092507,CIN @ SF,0,2
2011092506,MIN @ DET,0,2
2011092502,NE @ BUF,0,2
2011092503,CLE @ MIA,0,2
2011092506,MIN @ DET,1,2
2011092508,NYJ @ OAK,1,2
2011092512,ARI @ SEA,1,2
2011092500,CAR @ JAC,1,2
2011092510,STL @ BAL,1,2
2011092504,DEN @ TEN,1,2
2011092503,MIA @ CLE,1,2
2011092509,KC @ SD,1,2
2011092506,DET @ MIN,1,2
2011092502,NE @ BUF,1,2
2011092512,SEA @ ARI,1,2
2011092507,SF @ CIN,1,2
2011092507,CIN @ SF,0,3
2011092506,MIN @ DET,0,3
2011092510,BAL @ STL,0,3
2011092514,IND @ PIT,0,3
2011092513,ATL @ TB,0,3
2011092512,SEA @ ARI,0,3
2011092512,ARI @ SEA,0,3
2011092511,GB @ CHI,0,3
2011092511,CHI @ GB,0,3
2011092508,OAK @ NYJ,0,3
2011092500,JAC @ CAR,0,3
2011092504,TEN @ DEN,0,3
2011092507,SF @ CIN,0,3
2011092505,NYG @ PHI,0,3
2011092511,CHI @ GB,0,3
2011092506,MIN @ DET,0,3
2011092514,IND @ PIT,0,3
2011092508,NYJ @ OAK,0,3
2011092511,GB @ CHI,0,3
2011092506,DET @ MIN,0,3
2011092505,PHI @ NYG,0,3
2011092512,ARI @ SEA,1,3
2011092511,CHI @ GB,1,3
2011092502,BUF @ NE,1,3
2011092500,CAR @ JAC,1,3
2011092507,CIN @ SF,1,3
2011092506,MIN @ DET,1,3
2011092508,NYJ @ OAK,1,3
2011092508,OAK @ NYJ,1,3
2011092512,ARI @ SEA,1,3
2011092509,SD @ KC,1,3
2011092511,CHI @ GB,1,3
2011092502,BUF @ NE,1,3
2011092507,SF @ CIN,0,4
2011092506,DET @ MIN,0,4
2011092512,SEA @ ARI,0,4
2011092500,CAR @ JAC,0,4
2011092511,GB @ CHI,0,4
2011092512,SEA @ ARI,0,4
2011092512,SEA @ ARI,0,4
2011092510,STL @ BAL,0,4
2011092511,GB @ CHI,0,4
2011092514,PIT @ IND,0,4
2011092504,DEN @ TEN,0,4
2011092508,OAK @ NYJ,0,4
2011092500,CAR @ JAC,0,4
2011092510,BAL @ STL,0,4
2011092514,PIT @ IND,0,4
2011092503,MIA @ CLE,0,4
2011092513,TB @ ATL,0,4
2011092507,CIN @ SF,0,4
2011092501,HOU @ NO,0,4
2011092500,JAC @ CAR,0,4
2011092501,NO @ HOU,0,4
2011092502,BUF @ NE,0,4
2011092512,ARI @ SEA,0,4
2011092507,SF @ CIN,0,4
2011092505,NYG @ PHI,0,4
2011092502,NE @ BUF,0,4
2011092503,CLE @ MIA,0,4
2011092507,SF @ CIN,1,4
2011092500,JAC @ CAR,1,4
2011092506,MIN @ DET,1,4
2011092503,CLE @ MIA,1,4
2011092500,JAC @ CAR,1,4
2011092511,CHI @ GB,1,4
2011092514,IND @ PIT,1,4
2011092513,TB @ ATL,1,4
2011092504,TEN @ DEN,1,4
2011092514,IND @ PIT,1,4
2011092508,NYJ @ OAK,1,4
2011092510,STL @ BAL,1,4
2011092512,SEA @ ARI,1,4
2011092512,SEA @ ARI,1,4
2011092600,WAS @ DAL,1,1
2011092600,WAS @ DAL,0,2
2011092600,DAL @ WAS,1,2
2011092600,DAL @ WAS,1,2
2011092600,WAS @ DAL,0,4
2011092600,DAL @ WAS,0,4
2011092600,WAS @ DAL,0,4
2011092600,WAS @ DAL,1,4
2011100212,OAK @ NE,0,1
2011100202,PIT @ HOU,0,1
2011100212,OAK @ NE,0,1
2011100209,NYG @ ARI,0,1
2011100210,SEA @ ATL,0,1
2011100210,SEA @ ATL,0,1
2011100207,JAC @ NO,0,1
2011100214,NYJ @ BAL,0,1
2011100204,SF @ PHI,0,1
2011100200,CIN @ BUF,0,1
2011100213,SD @ MIA,0,1
2011100201,CLE @ TEN,0,1
2011100200,CIN @ BUF,0,1
2011100213,SD @ MIA,0,1
2011100204,PHI @ SF,0,1
2011100211,DEN @ GB,0,1
2011100200,BUF @ CIN,1,1
2011100203,DET @ DAL,1,1
2011100206,STL @ WAS,1,1
2011100200,BUF @ CIN,1,1
2011100201,TEN @ CLE,1,1
2011100206,WAS @ STL,1,1
2011100209,NYG @ ARI,1,1
2011100206,STL @ WAS,1,1
2011100200,BUF @ CIN,1,1
2011100208,MIN @ KC,1,1
2011100210,SEA @ ATL,1,1
2011100206,WAS @ STL,0,2
2011100209,NYG @ ARI,0,2
2011100203,DET @ DAL,0,2
2011100206,STL @ WAS,0,2
2011100207,JAC @ NO,0,2
2011100214,BAL @ NYJ,0,2
2011100203,DAL @ DET,0,2
2011100208,MIN @ KC,0,2
2011100213,SD @ MIA,0,2
2011100200,CIN @ BUF,0,2
2011100214,NYJ @ BAL,0,2
2011100202,PIT @ HOU,0,2
2011100201,TEN @ CLE,0,2
2011100211,GB @ DEN,0,2
2011100206,WAS @ STL,0,2
2011100201,CLE @ TEN,0,2
2011100202,HOU @ PIT,0,2
2011100204,SF @ PHI,0,2
2011100214,BAL @ NYJ,0,2
2011100205,CAR @ CHI,0,2
2011100214,NYJ @ BAL,0,2
2011100200,CIN @ BUF,0,2
2011100206,STL @ WAS,0,2
2011100203,DET @ DAL,0,2
2011100212,NE @ OAK,0,2
2011100208,KC @ MIN,0,2
2011100206,WAS @ STL,0,2
2011100210,ATL @ SEA,0,2
2011100206,STL @ WAS,0,2
2011100209,ARI @ NYG,1,2
2011100201,CLE @ TEN,1,2
2011100210,SEA @ ATL,1,2
2011100209,ARI @ NYG,1,2
2011100205,CHI @ CAR,1,2
2011100201,TEN @ CLE,1,2
2011100200,BUF @ CIN,1,2
2011100213,MIA @ SD,1,2
2011100214,BAL @ NYJ,1,2
2011100204,SF @ PHI,1,2
2011100203,DET @ DAL,1,2
2011100200,BUF @ CIN,1,2
2011100213,MIA @ SD,1,2
2011100207,JAC @ NO,0,3
2011100209,ARI @ NYG,0,3
2011100206,STL @ WAS,0,3
2011100206,STL @ WAS,0,3
2011100202,HOU @ PIT,0,3
2011100206,WAS @ STL,0,3
2011100214,NYJ @ BAL,0,3
2011100209,NYG @ ARI,0,3
2011100203,DET @ DAL,0,3
2011100214,NYJ @ BAL,0,3
2011100205,CHI @ CAR,0,3
2011100201,CLE @ TEN,0,3
2011100208,KC @ MIN,0,3
2011100201,TEN @ CLE,0,3
2011100213,MIA @ SD,0,3
2011100205,CHI @ CAR,1,3
2011100210,ATL @ SEA,1,3
2011100208,MIN @ KC,1,3
2011100202,HOU @ PIT,1,3
2011100204,PHI @ SF,1,3
2011100210,ATL @ SEA,1,3
2011100200,BUF @ CIN,1,3
2011100206,STL @ WAS,1,3
2011100202,HOU @ PIT,0,4
2011100201,TEN @ CLE,0,4
2011100210,ATL @ SEA,0,4
2011100214,BAL @ NYJ,0,4
2011100205,CHI @ CAR,0,4
2011100205,CHI @ CAR,0,4
2011100206,WAS @ STL,0,4
2011100208,KC @ MIN,0,4
2011100212,NE @ OAK,0,4
2011100206,STL @ WAS,0,4
2011100214,NYJ @ BAL,0,4
2011100214,BAL @ NYJ,0,4
2011100205,CAR @ CHI,0,4
2011100202,PIT @ HOU,0,4
2011100201,TEN @ CLE,0,4
2011100202,HOU @ PIT,0,4
2011100212,NE @ OAK,0,4
2011100200,BUF @ CIN,0,4
2011100214,NYJ @ BAL,0,4
2011100203,DET @ DAL,0,4
2011100200,CIN @ BUF,0,4
2011100204,SF @ PHI,0,4
2011100203,DAL @ DET,0,4
2011100214,BAL @ NYJ,0,4
2011100208,MIN @ KC,0,4
2011100200,BUF @ CIN,1,4
2011100209,ARI @ NYG,1,4
2011100202,HOU @ PIT,1,4
2011100207,NO @ JAC,1,4
2011100212,OAK @ NE,1,4
2011100203,DAL @ DET,1,4
2011100209,NYG @ ARI,1,4
2011100206,WAS @ STL,1,4
2011100202,PIT @ HOU,1,4
2011100207,JAC @ NO,1,4
2011100214,NYJ @ BAL,1,4
2011100208,MIN @ KC,1,4
2011100211,DEN @ GB,1,4
2011100300,IND @ TB,0,1
2011100300,TB @ IND,1,1
2011100300,IND @ TB,0,2
2011100300,TB @ IND,0,2
2011100300,IND @ TB,0,2
2011100300,TB @ IND,0,2
2011100300,IND @ TB,0,3
2011100300,TB @ IND,1,3
2011100300,IND @ TB,1,3
2011100300,IND @ TB,0,4
2011100300,TB @ IND,0,4
2011100300,IND @ TB,1,4
2011100900,TEN @ PIT,0,1
2011100909,NE @ NYJ,0,1
2011100907,BUF @ PHI,0,1
2011100904,NYG @ SEA,0,1
2011100902,KC @ IND,0,1
2011100905,ARI @ MIN,0,1
2011100909,NYJ @ NE,0,1
2011100909,NYJ @ NE,0,1
2011100906,CAR @ NO,0,1
2011100909,NE @ NYJ,0,1
2011100905,MIN @ ARI,0,1
2011100901,OAK @ HOU,0,1
2011100909,NYJ @ NE,0,1
2011100902,IND @ KC,1,1
2011100901,HOU @ OAK,1,1
2011100901,OAK @ HOU,1,1
2011100904,SEA @ NYG,1,1
2011100905,ARI @ MIN,1,1
2011100908,TB @ SF,1,1
2011100910,DEN @ SD,1,1
2011100905,ARI @ MIN,1,1
2011100901,HOU @ OAK,0,2
2011100908,TB @ SF,0,2
2011100904,NYG @ SEA,0,2
2011100905,ARI @ MIN,0,2
2011100901,HOU @ OAK,0,2
2011100908,SF @ TB,0,2
2011100901,HOU @ OAK,0,2
2011100904,SEA @ NYG,0,2
2011100907,PHI @ BUF,0,2
2011100900,TEN @ PIT,0,2
2011100907,BUF @ PHI,0,2
2011100901,OAK @ HOU,0,2
2011100904,NYG @ SEA,0,2
2011100908,TB @ SF,0,2
2011100907,PHI @ BUF,0,2
2011100901,HOU @ OAK,0,2
2011100905,MIN @ ARI,0,2
2011100900,TEN @ PIT,0,2
2011100902,KC @ IND,0,2
2011100903,CIN @ JAC,0,2
2011100901,OAK @ HOU,0,2
2011100902,KC @ IND,0,2
2011100901,HOU @ OAK,0,2
2011100906,CAR @ NO,0,2
2011100905,MIN @ ARI,0,2
2011100904,NYG @ SEA,0,2
2011100909,NYJ @ NE,0,2
2011100902,KC @ IND,0,2
2011100905,ARI @ MIN,0,2
2011100910,DEN @ SD,1,2
2011100908,TB @ SF,1,2
2011100904,SEA @ NYG,1,2
2011100903,JAC @ CIN,1,2
2011100911,ATL @ GB,1,2
2011100907,BUF @ PHI,1,2
2011100903,CIN @ JAC,1,2
2011100910,DEN @ SD,1,2
2011100902,IND @ KC,1,2
2011100903,JAC @ CIN,1,2
2011100906,NO @ CAR,1,2
2011100900,PIT @ TEN,33,2
2011100911,ATL @ GB,0,3
2011100904,NYG @ SEA,0,3
2011100903,CIN @ JAC,0,3
2011100903,JAC @ CIN,0,3
2011100910,SD @ DEN,0,3
2011100904,SEA @ NYG,0,3
2011100903,CIN @ JAC,0,3
2011100907,BUF @ PHI,0,3
2011100902,IND @ KC,0,3
2011100904,SEA @ NYG,0,3
2011100909,NYJ @ NE,0,3
2011100911,ATL @ GB,0,3
2011100903,JAC @ CIN,0,3
2011100902,KC @ IND,0,3
2011100904,NYG @ SEA,0,3
2011100900,TEN @ PIT,0,3
2011100904,SEA @ NYG,0,3
2011100901,OAK @ HOU,0,3
2011100904,NYG @ SEA,0,3
2011100909,NYJ @ NE,1,3
2011100910,DEN @ SD,1,3
2011100911,ATL @ GB,1,3
2011100909,NYJ @ NE,1,3
2011100910,DEN @ SD,1,3
2011100909,NE @ NYJ,1,3
2011100910,SD @ DEN,1,3
2011100909,NE @ NYJ,1,3
2011100903,CIN @ JAC,1,3
2011100900,PIT @ TEN,1,3
2011100901,HOU @ OAK,1,3
2011100911,GB @ ATL,1,3
2011100908,TB @ SF,0,4
2011100902,IND @ KC,0,4
2011100903,JAC @ CIN,0,4
2011100907,BUF @ PHI,0,4
2011100900,PIT @ TEN,0,4
2011100900,PIT @ TEN,0,4
2011100903,CIN @ JAC,0,4
2011100905,MIN @ ARI,0,4
2011100906,CAR @ NO,0,4
2011100901,OAK @ HOU,0,4
2011100908,TB @ SF,0,4
2011100902,IND @ KC,0,4
2011100906,NO @ CAR,0,4
2011100911,GB @ ATL,0,4
2011100904,SEA @ NYG,0,4
2011100910,DEN @ SD,0,4
2011100907,BUF @ PHI,0,4
2011100911,ATL @ GB,0,4
2011100903,JAC @ CIN,0,4
2011100901,OAK @ HOU,1,4
2011100910,SD @ DEN,1,4
2011100901,HOU @ OAK,1,4
2011100902,KC @ IND,1,4
2011100903,JAC @ CIN,1,4
2011100903,CIN @ JAC,1,4
2011100902,IND @ KC,1,4
2011100901,HOU @ OAK,1,4
2011101000,DET @ CHI,0,1
2011101000,DET @ CHI,0,1
2011101000,CHI @ DET,1,1
2011101000,DET @ CHI,1,2
2011101000,CHI @ DET,0,3
2011101000,CHI @ DET,0,3
2011101000,CHI @ DET,1,3
2011101000,DET @ CHI,0,4
2011101000,CHI @ DET,0,4
2011101000,CHI @ DET,0,4
2011101000,DET @ CHI,0,4
2011101609,TB @ NO,0,1
2011101601,IND @ CIN,0,1
2011101602,JAC @ PIT,0,1
2011101607,CLE @ OAK,0,1
2011101607,CLE @ OAK,0,1
2011101605,GB @ STL,0,1
2011101603,WAS @ PHI,0,1
2011101610,DAL @ NE,0,1
2011101605,STL @ GB,0,1
2011101611,CHI @ MIN,0,1
2011101608,HOU @ BAL,0,1
2011101604,SF @ DET,0,1
2011101611,MIN @ CHI,0,1
2011101606,ATL @ CAR,0,1
2011101609,TB @ NO,0,1
2011101600,NYG @ BUF,0,1
2011101601,CIN @ IND,0,1
2011101611,MIN @ CHI,0,1
2011101604,DET @ SF,0,1
2011101603,PHI @ WAS,0,1
2011101601,CIN @ IND,1,1
2011101600,NYG @ BUF,1,1
2011101604,SF @ DET,1,1
2011101604,DET @ SF,1,1
2011101600,BUF @ NYG,1,1
2011101602,JAC @ PIT,1,1
2011101607,CLE @ OAK,1,1
2011101606,ATL @ CAR,0,2
2011101602,JAC @ PIT,0,2
2011101608,HOU @ BAL,0,2
2011101607,OAK @ CLE,0,2
2011101609,TB @ NO,0,2
2011101602,PIT @ JAC,0,2
2011101602,JAC @ PIT,0,2
2011101604,SF @ DET,0,2
2011101600,BUF @ NYG,0,2
2011101607,CLE @ OAK,0,2
2011101601,IND @ CIN,0,2
2011101605,STL @ GB,0,2
2011101601,CIN @ IND,0,2
2011101604,SF @ DET,0,2
2011101611,MIN @ CHI,0,2
2011101605,STL @ GB,0,2
2011101604,DET @ SF,0,2
2011101608,HOU @ BAL,0,2
2011101609,NO @ TB,0,2
2011101603,WAS @ PHI,0,2
2011101602,JAC @ PIT,0,2
2011101604,SF @ DET,0,2
2011101604,DET @ SF,0,2
2011101609,NO @ TB,0,2
2011101607,CLE @ OAK,1,2
2011101607,OAK @ CLE,1,2
2011101611,CHI @ MIN,1,2
2011101608,BAL @ HOU,1,2
2011101610,DAL @ NE,1,2
2011101607,CLE @ OAK,0,3
2011101608,HOU @ BAL,0,3
2011101610,NE @ DAL,0,3
2011101606,CAR @ ATL,0,3
2011101604,DET @ SF,0,3
2011101604,SF @ DET,0,3
2011101611,MIN @ CHI,0,3
2011101607,CLE @ OAK,0,3
2011101605,GB @ STL,0,3
2011101601,IND @ CIN,0,3
2011101602,JAC @ PIT,0,3
2011101603,WAS @ PHI,0,3
2011101607,OAK @ CLE,0,3
2011101605,STL @ GB,0,3
2011101602,PIT @ JAC,0,3
2011101600,BUF @ NYG,0,3
2011101605,GB @ STL,0,3
2011101606,ATL @ CAR,1,3
2011101604,DET @ SF,1,3
2011101611,MIN @ CHI,1,3
2011101610,NE @ DAL,1,3
2011101609,NO @ TB,1,3
2011101601,IND @ CIN,1,3
2011101604,SF @ DET,1,3
2011101602,PIT @ JAC,0,4
2011101603,PHI @ WAS,0,4
2011101611,CHI @ MIN,0,4
2011101600,NYG @ BUF,0,4
2011101600,NYG @ BUF,0,4
2011101602,PIT @ JAC,0,4
2011101601,CIN @ IND,0,4
2011101604,SF @ DET,0,4
2011101608,BAL @ HOU,0,4
2011101602,JAC @ PIT,0,4
2011101604,DET @ SF,0,4
2011101602,PIT @ JAC,0,4
2011101603,WAS @ PHI,0,4
2011101603,WAS @ PHI,0,4
2011101608,HOU @ BAL,0,4
2011101604,SF @ DET,0,4
2011101605,STL @ GB,0,4
2011101610,DAL @ NE,0,4
2011101602,JAC @ PIT,0,4
2011101610,DAL @ NE,1,4
2011101610,NE @ DAL,1,4
2011101604,DET @ SF,1,4
2011101608,HOU @ BAL,1,4
2011101609,NO @ TB,1,4
2011101605,GB @ STL,1,4
2011101609,TB @ NO,1,4
2011101606,CAR @ ATL,1,4
2011101601,CIN @ IND,1,4
2011101607,OAK @ CLE,1,4
2011101605,GB @ STL,1,4
2011101602,PIT @ JAC,1,4
2011101603,PHI @ WAS,1,4
2011101700,NYJ @ MIA,0,1
2011101700,MIA @ NYJ,0,1
2011101700,MIA @ NYJ,1,1
2011101700,NYJ @ MIA,1,1
2011101700,NYJ @ MIA,1,1
2011101700,MIA @ NYJ,0,2
2011101700,NYJ @ MIA,0,2
2011101700,MIA @ NYJ,0,3
2011101700,MIA @ NYJ,1,3
2011101700,NYJ @ MIA,0,4
2011101700,MIA @ NYJ,0,4
2011101700,NYJ @ MIA,0,4
2011101700,NYJ @ MIA,1,4
2011101700,NYJ @ MIA,1,4
2011101700,MIA @ NYJ,1,4
2011102309,MIN @ GB,0,1
2011102305,TB @ CHI,0,1
2011102309,GB @ MIN,0,1
2011102310,DAL @ STL,0,1
2011102307,PIT @ ARI,0,1
2011102304,CAR @ WAS,0,1
2011102310,STL @ DAL,0,1
2011102309,MIN @ GB,0,1
2011102306,SEA @ CLE,0,1
2011102300,DEN @ MIA,0,1
2011102301,SD @ NYJ,0,1
2011102306,CLE @ SEA,0,1
2011102308,KC @ OAK,0,1
2011102303,ATL @ DET,0,1
2011102302,TEN @ HOU,0,1
2011102306,SEA @ CLE,0,1
2011102302,TEN @ HOU,0,1
2011102308,OAK @ KC,0,1
2011102306,SEA @ CLE,0,1
2011102310,STL @ DAL,0,1
2011102302,HOU @ TEN,0,1
2011102303,DET @ ATL,0,1
2011102300,MIA @ DEN,1,1
2011102303,DET @ ATL,1,1
2011102305,TB @ CHI,1,1
2011102311,IND @ NO,1,1
2011102307,ARI @ PIT,1,1
2011102306,CLE @ SEA,1,1
2011102302,HOU @ TEN,1,1
2011102300,MIA @ DEN,1,1
2011102305,TB @ CHI,1,1
2011102300,DEN @ MIA,1,1
2011102300,MIA @ DEN,1,1
2011102305,CHI @ TB,1,1
2011102308,KC @ OAK,1,1
2011102301,NYJ @ SD,0,2
2011102300,DEN @ MIA,0,2
2011102306,SEA @ CLE,0,2
2011102306,CLE @ SEA,0,2
2011102302,TEN @ HOU,0,2
2011102308,OAK @ KC,0,2
2011102305,CHI @ TB,0,2
2011102308,KC @ OAK,0,2
2011102302,TEN @ HOU,0,2
2011102306,SEA @ CLE,0,2
2011102303,ATL @ DET,0,2
2011102300,MIA @ DEN,0,2
2011102305,TB @ CHI,0,2
2011102308,OAK @ KC,0,2
2011102307,ARI @ PIT,0,2
2011102306,CLE @ SEA,0,2
2011102308,KC @ OAK,0,2
2011102307,PIT @ ARI,0,2
2011102305,TB @ CHI,0,2
2011102305,CHI @ TB,0,2
2011102307,ARI @ PIT,0,2
2011102304,CAR @ WAS,1,2
2011102303,DET @ ATL,1,2
2011102310,DAL @ STL,1,2
2011102311,IND @ NO,1,2
2011102311,IND @ NO,1,2
2011102310,DAL @ STL,0,3
2011102305,CHI @ TB,0,3
2011102304,WAS @ CAR,0,3
2011102301,SD @ NYJ,0,3
2011102305,TB @ CHI,0,3
2011102310,STL @ DAL,0,3
2011102306,CLE @ SEA,0,3
2011102306,CLE @ SEA,0,3
2011102300,DEN @ MIA,0,3
2011102300,DEN @ MIA,0,3
2011102308,OAK @ KC,0,3
2011102306,CLE @ SEA,0,3
2011102300,MIA @ DEN,0,3
2011102301,SD @ NYJ,0,3
2011102311,IND @ NO,0,3
2011102308,OAK @ KC,0,3
2011102301,NYJ @ SD,0,3
2011102303,ATL @ DET,0,3
2011102303,DET @ ATL,0,3
2011102300,MIA @ DEN,0,3
2011102307,PIT @ ARI,0,3
2011102310,STL @ DAL,0,3
2011102302,TEN @ HOU,0,3
2011102301,SD @ NYJ,0,3
2011102303,ATL @ DET,0,3
2011102311,IND @ NO,1,3
2011102305,TB @ CHI,1,3
2011102308,KC @ OAK,1,3
2011102300,DEN @ MIA,1,3
2011102305,CHI @ TB,1,3
2011102306,SEA @ CLE,1,3
2011102309,MIN @ GB,1,3
2011102300,DEN @ MIA,1,3
2011102305,TB @ CHI,1,3
2011102308,OAK @ KC,1,3
2011102309,MIN @ GB,0,4
2011102303,ATL @ DET,0,4
2011102304,CAR @ WAS,0,4
2011102308,OAK @ KC,0,4
2011102300,MIA @ DEN,0,4
2011102309,GB @ MIN,0,4
2011102308,KC @ OAK,0,4
2011102311,IND @ NO,0,4
2011102302,TEN @ HOU,0,4
2011102302,TEN @ HOU,0,4
2011102308,KC @ OAK,0,4
2011102305,CHI @ TB,0,4
2011102309,GB @ MIN,0,4
2011102300,DEN @ MIA,0,4
2011102303,DET @ ATL,0,4
2011102301,NYJ @ SD,0,4
2011102302,TEN @ HOU,0,4
2011102311,NO @ IND,1,4
2011102308,OAK @ KC,1,4
2011102300,DEN @ MIA,1,4
2011102303,DET @ ATL,1,4
2011102306,SEA @ CLE,1,4
2011102307,ARI @ PIT,1,4
2011102310,STL @ DAL,1,4
2011102300,DEN @ MIA,0,5
2011102300,MIA @ DEN,1,5
2011102400,BAL @ JAC,0,1
2011102400,JAC @ BAL,0,1
2011102400,BAL @ JAC,0,1
2011102400,BAL @ JAC,1,1
2011102400,BAL @ JAC,1,1
2011102400,BAL @ JAC,1,1
2011102400,JAC @ BAL,1,1
2011102400,JAC @ BAL,0,2
2011102400,BAL @ JAC,0,2
2011102400,JAC @ BAL,0,2
2011102400,BAL @ JAC,0,2
2011102400,JAC @ BAL,0,2
2011102400,JAC @ BAL,0,2
2011102400,BAL @ JAC,1,2
2011102400,BAL @ JAC,1,2
2011102400,JAC @ BAL,1,2
2011102400,JAC @ BAL,0,4
2011102400,BAL @ JAC,0,4
2011102400,JAC @ BAL,0,4
2011103002,TEN @ IND,0,1
2011103009,CLE @ SF,0,1
2011103007,WAS @ BUF,0,1
2011103006,DEN @ DET,0,1
2011103001,HOU @ JAC,0,1
2011103002,TEN @ IND,0,1
2011103002,IND @ TEN,0,1
2011103001,JAC @ HOU,0,1
2011103003,CAR @ MIN,0,1
2011103011,DAL @ PHI,0,1
2011103006,DEN @ DET,0,1
2011103008,NE @ PIT,0,1
2011103004,STL @ NO,0,1
2011103004,NO @ STL,0,1
2011103009,CLE @ SF,0,1
2011103007,WAS @ BUF,0,1
2011103002,IND @ TEN,0,1
2011103004,STL @ NO,0,1
2011103007,WAS @ BUF,0,1
2011103004,STL @ NO,1,1
2011103001,JAC @ HOU,1,1
2011103002,IND @ TEN,1,1
2011103003,MIN @ CAR,1,1
2011103001,HOU @ JAC,1,1
2011103006,DET @ DEN,1,1
2011103010,SEA @ CIN,1,1
2011103005,BAL @ ARI,1,1
2011103005,ARI @ BAL,1,1
2011103007,BUF @ WAS,1,1
2011103007,WAS @ BUF,0,2
2011103004,NO @ STL,0,2
2011103006,DEN @ DET,0,2
2011103004,NO @ STL,0,2
2011103001,HOU @ JAC,0,2
2011103002,IND @ TEN,0,2
2011103010,SEA @ CIN,0,2
2011103009,CLE @ SF,0,2
2011103005,BAL @ ARI,0,2
2011103000,NYG @ MIA,0,2
2011103010,CIN @ SEA,0,2
2011103002,IND @ TEN,0,2
2011103006,DET @ DEN,0,2
2011103005,ARI @ BAL,0,2
2011103010,CIN @ SEA,0,2
2011103001,JAC @ HOU,0,2
2011103002,IND @ TEN,0,2
2011103001,HOU @ JAC,0,2
2011103006,DEN @ DET,0,2
2011103004,NO @ STL,0,2
2011103001,HOU @ JAC,0,2
2011103011,DAL @ PHI,1,2
2011103004,STL @ NO,1,2
2011103000,MIA @ NYG,1,2
2011103002,TEN @ IND,1,2
2011103007,WAS @ BUF,1,2
2011103011,DAL @ PHI,1,2
2011103002,IND @ TEN,1,2
2011103006,DEN @ DET,1,2
2011103008,NE @ PIT,1,2
2011103003,MIN @ CAR,1,2
2011103002,TEN @ IND,1,2
2011103010,SEA @ CIN,1,2
2011103010,CIN @ SEA,1,2
2011103001,JAC @ HOU,1,2
2011103009,CLE @ SF,0,3
2011103007,BUF @ WAS,0,3
2011103002,TEN @ IND,0,3
2011103004,NO @ STL,0,3
2011103001,HOU @ JAC,0,3
2011103005,ARI @ BAL,0,3
2011103000,NYG @ MIA,0,3
2011103005,BAL @ ARI,0,3
2011103000,MIA @ NYG,0,3
2011103009,SF @ CLE,0,3
2011103010,SEA @ CIN,0,3
2011103000,NYG @ MIA,0,3
2011103005,ARI @ BAL,0,3
2011103003,MIN @ CAR,0,3
2011103009,CLE @ SF,0,3
2011103009,CLE @ SF,0,3
2011103006,DEN @ DET,0,3
2011103004,NO @ STL,0,3
2011103011,DAL @ PHI,0,3
2011103010,SEA @ CIN,0,3
2011103009,SF @ CLE,0,3
2011103001,JAC @ HOU,0,3
2011103009,SF @ CLE,0,3
2011103006,DET @ DEN,0,3
2011103001,HOU @ JAC,1,3
2011103006,DET @ DEN,1,3
2011103001,JAC @ HOU,1,3
2011103000,MIA @ NYG,1,3
2011103009,SF @ CLE,1,3
2011103011,DAL @ PHI,1,3
2011103001,JAC @ HOU,1,3
2011103007,BUF @ WAS,1,3
2011103006,DEN @ DET,1,3
2011103007,WAS @ BUF,1,3
2011103003,CAR @ MIN,1,3
2011103006,DET @ DEN,1,3
2011103010,CIN @ SEA,1,3
2011103002,TEN @ IND,1,3
2011103008,NE @ PIT,1,3
2011103001,JAC @ HOU,1,3
2011103008,PIT @ NE,0,4
2011103004,STL @ NO,0,4
2011103005,BAL @ ARI,0,4
2011103010,SEA @ CIN,0,4
2011103000,NYG @ MIA,0,4
2011103006,DET @ DEN,0,4
2011103000,MIA @ NYG,0,4
2011103006,DET @ DEN,0,4
2011103005,ARI @ BAL,0,4
2011103004,NO @ STL,0,4
2011103004,STL @ NO,0,4
2011103004,STL @ NO,0,4
2011103000,MIA @ NYG,0,4
2011103009,SF @ CLE,0,4
2011103008,NE @ PIT,0,4
2011103002,TEN @ IND,0,4
2011103003,MIN @ CAR,0,4
2011103001,JAC @ HOU,0,4
2011103009,SF @ CLE,0,4
2011103008,PIT @ NE,1,4
2011103005,ARI @ BAL,1,4
2011103010,CIN @ SEA,1,4
2011103002,TEN @ IND,1,4
2011103011,PHI @ DAL,1,4
2011103005,BAL @ ARI,1,4
2011103011,PHI @ DAL,1,4
2011103003,CAR @ MIN,1,4
2011103009,CLE @ SF,1,4
2011103004,STL @ NO,1,4
2011103003,CAR @ MIN,1,4
2011103100,SD @ KC,1,1
2011103100,KC @ SD,0,2
2011103100,SD @ KC,0,2
2011103100,KC @ SD,1,2
2011103100,KC @ SD,0,3
2011103100,KC @ SD,1,3
2011103100,KC @ SD,0,4
2011103100,SD @ KC,0,5
2011110601,HOU @ CLE,0,1
2011110608,CIN @ TEN,0,1
2011110611,ARI @ STL,0,1
2011110607,OAK @ DEN,0,1
2011110602,MIA @ KC,0,1
2011110604,SF @ WAS,0,1
2011110607,DEN @ OAK,0,1
2011110609,NE @ NYG,0,1
2011110609,NYG @ NE,0,1
2011110604,SF @ WAS,0,1
2011110609,NE @ NYG,0,1
2011110608,CIN @ TEN,0,1
2011110607,DEN @ OAK,0,1
2011110603,DAL @ SEA,0,1
2011110600,BUF @ NYJ,0,1
2011110609,NYG @ NE,0,1
2011110611,STL @ ARI,0,1
2011110608,TEN @ CIN,1,1
2011110602,KC @ MIA,1,1
2011110609,NYG @ NE,1,1
2011110606,IND @ ATL,1,1
2011110607,DEN @ OAK,1,1
2011110606,ATL @ IND,1,1
2011110604,WAS @ SF,1,1
2011110612,PIT @ BAL,1,1
2011110603,SEA @ DAL,1,1
2011110604,WAS @ SF,1,1
2011110608,TEN @ CIN,1,1
2011110607,OAK @ DEN,1,1
2011110605,TB @ NO,1,1
2011110606,ATL @ IND,0,2
2011110603,DAL @ SEA,0,2
2011110606,IND @ ATL,0,2
2011110606,ATL @ IND,0,2
2011110601,CLE @ HOU,0,2
2011110608,CIN @ TEN,0,2
2011110602,MIA @ KC,0,2
2011110609,NYG @ NE,0,2
2011110609,NE @ NYG,0,2
2011110605,TB @ NO,0,2
2011110606,ATL @ IND,0,2
2011110604,SF @ WAS,0,2
2011110601,CLE @ HOU,0,2
2011110612,PIT @ BAL,0,2
2011110605,TB @ NO,0,2
2011110600,BUF @ NYJ,0,2
2011110606,IND @ ATL,0,2
2011110600,NYJ @ BUF,0,2
2011110603,SEA @ DAL,0,2
2011110604,WAS @ SF,0,2
2011110609,NE @ NYG,0,2
2011110602,KC @ MIA,0,2
2011110605,TB @ NO,0,2
2011110607,DEN @ OAK,0,2
2011110600,BUF @ NYJ,0,2
2011110606,IND @ ATL,0,2
2011110607,OAK @ DEN,0,2
2011110605,NO @ TB,1,2
2011110607,DEN @ OAK,1,2
2011110611,ARI @ STL,1,2
2011110606,IND @ ATL,1,2
2011110604,WAS @ SF,1,2
2011110601,HOU @ CLE,1,2
2011110612,BAL @ PIT,1,2
2011110602,KC @ MIA,1,2
2011110609,NYG @ NE,1,2
2011110607,DEN @ OAK,1,2
2011110601,CLE @ HOU,1,2
2011110609,NYG @ NE,1,2
2011110611,ARI @ STL,1,2
2011110606,IND @ ATL,0,3
2011110606,IND @ ATL,0,3
2011110602,MIA @ KC,0,3
2011110603,DAL @ SEA,0,3
2011110611,STL @ ARI,0,3
2011110609,NYG @ NE,0,3
2011110611,STL @ ARI,0,3
2011110609,NE @ NYG,0,3
2011110608,CIN @ TEN,0,3
2011110604,SF @ WAS,0,3
2011110608,TEN @ CIN,0,3
2011110603,SEA @ DAL,0,3
2011110600,NYJ @ BUF,0,3
2011110601,CLE @ HOU,0,3
2011110608,CIN @ TEN,0,3
2011110611,STL @ ARI,1,3
2011110608,TEN @ CIN,1,3
2011110602,KC @ MIA,1,3
2011110608,TEN @ CIN,1,3
2011110602,KC @ MIA,1,3
2011110604,WAS @ SF,1,3
2011110606,IND @ ATL,1,3
2011110600,BUF @ NYJ,1,3
2011110606,ATL @ IND,1,3
2011110602,MIA @ KC,1,3
2011110606,ATL @ IND,0,4
2011110603,DAL @ SEA,0,4
2011110612,PIT @ BAL,0,4
2011110610,SD @ GB,0,4
2011110602,MIA @ KC,0,4
2011110606,IND @ ATL,0,4
2011110607,OAK @ DEN,0,4
2011110608,CIN @ TEN,0,4
2011110604,SF @ WAS,0,4
2011110608,TEN @ CIN,0,4
2011110608,CIN @ TEN,0,4
2011110607,OAK @ DEN,0,4
2011110606,IND @ ATL,0,4
2011110611,STL @ ARI,0,4
2011110608,TEN @ CIN,0,4
2011110605,NO @ TB,0,4
2011110611,ARI @ STL,0,4
2011110610,SD @ GB,0,4
2011110611,ARI @ STL,0,4
2011110611,ARI @ STL,1,4
2011110610,GB @ SD,1,4
2011110602,MIA @ KC,1,4
2011110606,ATL @ IND,1,4
2011110612,BAL @ PIT,1,4
2011110610,GB @ SD,1,4
2011110607,DEN @ OAK,1,4
2011110609,NYG @ NE,1,4
2011110611,STL @ ARI,1,4
2011110607,OAK @ DEN,1,4
2011110611,STL @ ARI,0,5
2011110700,CHI @ PHI,0,1
2011110700,PHI @ CHI,0,1
2011110700,CHI @ PHI,0,2
2011110700,CHI @ PHI,0,4
2011110700,PHI @ CHI,0,4
2011110700,PHI @ CHI,1,4
2011111000,OAK @ SD,0,1
2011111000,OAK @ SD,0,1
2011111000,SD @ OAK,1,1
2011111000,SD @ OAK,0,2
2011111000,SD @ OAK,0,2
2011111000,SD @ OAK,0,2
2011111000,SD @ OAK,0,2
2011111000,SD @ OAK,1,2
2011111000,OAK @ SD,1,2
2011111000,OAK @ SD,0,4
2011111000,SD @ OAK,0,4
2011111000,OAK @ SD,1,4
2011111000,SD @ OAK,1,4
2011111302,HOU @ TB,0,1
2011111302,HOU @ TB,0,1
2011111308,ATL @ NO,0,1
2011111301,CAR @ TEN,0,1
2011111305,KC @ DEN,0,1
2011111306,ARI @ PHI,0,1
2011111313,NYJ @ NE,0,1
2011111304,IND @ JAC,0,1
2011111304,JAC @ IND,0,1
2011111300,BUF @ DAL,0,1
2011111310,STL @ CLE,0,1
2011111304,IND @ JAC,0,1
2011111305,KC @ DEN,0,1
2011111302,TB @ HOU,0,1
2011111301,CAR @ TEN,0,1
2011111307,DET @ CHI,1,1
2011111302,TB @ HOU,1,1
2011111311,BAL @ SEA,1,1
2011111306,PHI @ ARI,1,1
2011111306,PHI @ ARI,1,1
2011111303,CIN @ PIT,1,1
2011111309,WAS @ MIA,1,1
2011111310,CLE @ STL,1,1
2011111311,SEA @ BAL,1,1
2011111306,ARI @ PHI,1,1
2011111303,CIN @ PIT,1,1
2011111303,CIN @ PIT,0,2
2011111305,DEN @ KC,0,2
2011111300,BUF @ DAL,0,2
2011111308,NO @ ATL,0,2
2011111305,KC @ DEN,0,2
2011111308,ATL @ NO,0,2
2011111304,IND @ JAC,0,2
2011111301,CAR @ TEN,0,2
2011111308,ATL @ NO,0,2
2011111304,IND @ JAC,0,2
2011111311,BAL @ SEA,0,2
2011111301,TEN @ CAR,0,2
2011111313,NYJ @ NE,0,2
2011111302,HOU @ TB,0,2
2011111310,STL @ CLE,0,2
2011111308,NO @ ATL,0,2
2011111304,JAC @ IND,0,2
2011111307,CHI @ DET,0,2
2011111313,NE @ NYJ,0,2
2011111303,CIN @ PIT,0,2
2011111307,DET @ CHI,0,2
2011111301,TEN @ CAR,0,2
2011111313,NYJ @ NE,0,2
2011111301,CAR @ TEN,0,2
2011111304,IND @ JAC,0,2
2011111306,PHI @ ARI,0,2
2011111302,TB @ HOU,0,2
2011111306,ARI @ PHI,0,2
2011111304,JAC @ IND,0,2
2011111301,CAR @ TEN,0,2
2011111313,NE @ NYJ,0,2
2011111307,DET @ CHI,0,2
2011111305,DEN @ KC,0,2
2011111307,DET @ CHI,0,2
2011111308,NO @ ATL,0,2
2011111306,PHI @ ARI,0,2
2011111302,HOU @ TB,1,2
2011111301,TEN @ CAR,1,2
2011111305,DEN @ KC,1,2
2011111304,JAC @ IND,1,2
2011111310,CLE @ STL,1,2
2011111305,KC @ DEN,1,2
2011111301,CAR @ TEN,1,2
2011111302,TB @ HOU,1,2
2011111307,CHI @ DET,1,2
2011111303,PIT @ CIN,1,2
2011111301,TEN @ CAR,1,2
2011111305,KC @ DEN,1,2
2011111310,CLE @ STL,1,2
2011111313,NYJ @ NE,1,2
2011111311,SEA @ BAL,1,2
2011111312,NYG @ SF,0,3
2011111305,DEN @ KC,0,3
2011111307,CHI @ DET,0,3
2011111312,SF @ NYG,0,3
2011111309,WAS @ MIA,0,3
2011111305,KC @ DEN,0,3
2011111310,STL @ CLE,0,3
2011111306,ARI @ PHI,0,3
2011111306,PHI @ ARI,0,3
2011111310,CLE @ STL,0,3
2011111300,DAL @ BUF,0,3
2011111307,DET @ CHI,0,3
2011111311,BAL @ SEA,0,3
2011111301,CAR @ TEN,0,3
2011111312,NYG @ SF,0,3
2011111313,NE @ NYJ,0,3
2011111305,DEN @ KC,0,3
2011111301,TEN @ CAR,0,3
2011111313,NYJ @ NE,0,3
2011111307,CHI @ DET,0,3
2011111309,MIA @ WAS,1,3
2011111311,SEA @ BAL,1,3
2011111300,BUF @ DAL,1,3
2011111305,DEN @ KC,1,3
2011111306,ARI @ PHI,1,3
2011111312,SF @ NYG,1,3
2011111306,PHI @ ARI,1,3
2011111304,IND @ JAC,1,3
2011111302,TB @ HOU,1,3
2011111304,JAC @ IND,1,3
2011111313,NE @ NYJ,1,3
2011111303,PIT @ CIN,1,3
2011111308,NO @ ATL,0,4
2011111305,DEN @ KC,0,4
2011111305,DEN @ KC,0,4
2011111303,PIT @ CIN,0,4
2011111312,SF @ NYG,0,4
2011111307,CHI @ DET,0,4
2011111306,PHI @ ARI,0,4
2011111302,HOU @ TB,0,4
2011111303,PIT @ CIN,0,4
2011111310,STL @ CLE,0,4
2011111308,ATL @ NO,0,4
2011111307,CHI @ DET,0,4
2011111311,BAL @ SEA,0,4
2011111310,CLE @ STL,0,4
2011111305,KC @ DEN,0,4
2011111303,PIT @ CIN,0,4
2011111311,SEA @ BAL,0,4
2011111310,STL @ CLE,0,4
2011111303,CIN @ PIT,0,4
2011111306,ARI @ PHI,0,4
2011111301,CAR @ TEN,0,4
2011111302,TB @ HOU,1,4
2011111303,PIT @ CIN,1,4
2011111304,JAC @ IND,1,4
2011111303,CIN @ PIT,1,4
2011111311,SEA @ BAL,1,4
2011111307,CHI @ DET,1,4
2011111306,PHI @ ARI,1,4
2011111308,NO @ ATL,0,5
2011111308,ATL @ NO,0,5
2011111400,MIN @ GB,0,1
2011111400,MIN @ GB,0,1
2011111400,MIN @ GB,0,2
2011111400,MIN @ GB,1,2
2011111400,GB @ MIN,1,2
2011111400,GB @ MIN,1,2
2011111400,MIN @ GB,0,3
2011111400,MIN @ GB,1,4
2011111700,NYJ @ DEN,0,1
2011111700,DEN @ NYJ,0,2
2011111700,DEN @ NYJ,0,2
2011111700,DEN @ NYJ,0,2
2011111700,NYJ @ DEN,1,2
2011111700,NYJ @ DEN,1,2
2011111700,NYJ @ DEN,0,3
2011111700,DEN @ NYJ,0,3
2011111700,NYJ @ DEN,0,3
2011111700,DEN @ NYJ,0,3
2011111700,DEN @ NYJ,1,3
2011111700,NYJ @ DEN,0,4
2011111700,DEN @ NYJ,1,4
2011111700,DEN @ NYJ,1,4
2011112010,SD @ CHI,0,1
2011112007,TB @ GB,0,1
2011112005,DAL @ WAS,0,1
2011112011,PHI @ NYG,0,1
2011112009,STL @ SEA,0,1
2011112002,BUF @ MIA,0,1
2011112009,SEA @ STL,0,1
2011112009,SEA @ STL,0,1
2011112005,DAL @ WAS,0,1
2011112004,BAL @ CIN,0,1
2011112011,PHI @ NYG,0,1
2011112003,CLE @ JAC,0,1
2011112005,WAS @ DAL,0,1
2011112008,ARI @ SF,0,1
2011112009,SEA @ STL,0,1
2011112008,ARI @ SF,0,1
2011112011,NYG @ PHI,0,1
2011112005,DAL @ WAS,0,1
2011112003,JAC @ CLE,0,1
2011112011,PHI @ NYG,0,1
2011112007,TB @ GB,0,1
2011112009,STL @ SEA,0,1
2011112003,CLE @ JAC,0,1
2011112000,MIN @ OAK,0,1
2011112001,TEN @ ATL,0,1
2011112010,CHI @ SD,0,1
2011112008,ARI @ SF,0,1
2011112004,CIN @ BAL,0,1
2011112011,NYG @ PHI,1,1
2011112004,CIN @ BAL,1,1
2011112009,STL @ SEA,1,1
2011112011,NYG @ PHI,1,1
2011112005,WAS @ DAL,1,1
2011112009,SEA @ STL,1,1
2011112009,STL @ SEA,1,1
2011112000,OAK @ MIN,1,1
2011112004,BAL @ CIN,1,1
2011112008,ARI @ SF,0,2
2011112003,JAC @ CLE,0,2
2011112001,ATL @ TEN,0,2
2011112004,CIN @ BAL,0,2
2011112011,PHI @ NYG,0,2
2011112004,BAL @ CIN,0,2
2011112001,TEN @ ATL,0,2
2011112009,SEA @ STL,0,2
2011112004,CIN @ BAL,0,2
2011112010,SD @ CHI,0,2
2011112011,NYG @ PHI,0,2
2011112008,ARI @ SF,0,2
2011112005,DAL @ WAS,0,2
2011112003,JAC @ CLE,0,2
2011112005,WAS @ DAL,0,2
2011112002,MIA @ BUF,0,2
2011112010,CHI @ SD,0,2
2011112011,NYG @ PHI,0,2
2011112006,CAR @ DET,0,2
2011112002,BUF @ MIA,0,2
2011112007,GB @ TB,0,2
2011112004,CIN @ BAL,0,2
2011112005,WAS @ DAL,0,2
2011112010,CHI @ SD,0,2
2011112008,ARI @ SF,0,2
2011112011,NYG @ PHI,1,2
2011112005,DAL @ WAS,1,2
2011112009,STL @ SEA,1,2
2011112002,MIA @ BUF,1,2
2011112002,BUF @ MIA,1,2
2011112009,STL @ SEA,1,2
2011112003,CLE @ JAC,1,2
2011112010,SD @ CHI,1,2
2011112004,CIN @ BAL,1,2
2011112001,TEN @ ATL,1,2
2011112009,STL @ SEA,1,2
2011112006,DET @ CAR,1,2
2011112004,BAL @ CIN,1,2
2011112009,SEA @ STL,1,2
2011112008,SF @ ARI,0,3
2011112004,BAL @ CIN,0,3
2011112011,NYG @ PHI,0,3
2011112007,GB @ TB,0,3
2011112009,STL @ SEA,0,3
2011112003,JAC @ CLE,0,3
2011112004,CIN @ BAL,0,3
2011112000,OAK @ MIN,0,3
2011112004,BAL @ CIN,0,3
2011112011,NYG @ PHI,0,3
2011112011,PHI @ NYG,0,3
2011112001,TEN @ ATL,0,3
2011112002,BUF @ MIA,0,3
2011112011,NYG @ PHI,0,3
2011112006,CAR @ DET,0,3
2011112009,STL @ SEA,0,3
2011112007,GB @ TB,0,3
2011112000,OAK @ MIN,0,3
2011112003,JAC @ CLE,0,3
2011112002,MIA @ BUF,1,3
2011112000,MIN @ OAK,1,3
2011112000,OAK @ MIN,1,3
2011112005,DAL @ WAS,1,3
2011112009,SEA @ STL,1,3
2011112006,CAR @ DET,1,3
2011112000,MIN @ OAK,1,3
2011112002,MIA @ BUF,1,3
2011112009,SEA @ STL,0,4
2011112002,MIA @ BUF,0,4
2011112000,OAK @ MIN,0,4
2011112010,CHI @ SD,0,4
2011112005,DAL @ WAS,0,4
2011112009,SEA @ STL,0,4
2011112007,TB @ GB,0,4
2011112002,MIA @ BUF,0,4
2011112009,STL @ SEA,0,4
2011112004,BAL @ CIN,0,4
2011112009,SEA @ STL,0,4
2011112009,SEA @ STL,0,4
2011112005,WAS @ DAL,0,4
2011112008,SF @ ARI,0,4
2011112006,CAR @ DET,0,4
2011112011,PHI @ NYG,0,4
2011112009,STL @ SEA,0,4
2011112009,SEA @ STL,0,4
2011112009,SEA @ STL,0,4
2011112000,OAK @ MIN,1,4
2011112004,BAL @ CIN,1,4
2011112000,OAK @ MIN,1,4
2011112002,BUF @ MIA,1,4
2011112008,SF @ ARI,1,4
2011112002,BUF @ MIA,1,4
2011112002,MIA @ BUF,1,4
2011112002,BUF @ MIA,1,4
2011112001,TEN @ ATL,1,4
2011112008,ARI @ SF,1,4
2011112001,ATL @ TEN,1,4
2011112006,DET @ CAR,1,4
2011112100,KC @ NE,0,1
2011112100,NE @ KC,0,1
2011112100,NE @ KC,1,1
2011112100,KC @ NE,1,1
2011112100,KC @ NE,0,2
2011112100,KC @ NE,0,2
2011112100,NE @ KC,1,2
2011112100,KC @ NE,0,3
2011112100,NE @ KC,1,4
2011112400,GB @ DET,0,1
2011112400,DET @ GB,0,1
2011112401,MIA @ DAL,0,1
2011112402,BAL @ SF,0,1
2011112401,DAL @ MIA,0,1
2011112400,GB @ DET,0,1
2011112400,DET @ GB,0,1
2011112401,MIA @ DAL,0,1
2011112402,SF @ BAL,1,1
2011112400,GB @ DET,0,2
2011112401,DAL @ MIA,0,2
2011112401,DAL @ MIA,0,2
2011112400,GB @ DET,0,2
2011112402,BAL @ SF,0,2
2011112400,DET @ GB,0,2
2011112402,SF @ BAL,0,2
2011112401,DAL @ MIA,0,2
2011112401,DAL @ MIA,0,2
2011112402,BAL @ SF,0,2
2011112401,MIA @ DAL,1,2
2011112402,SF @ BAL,1,2
2011112401,DAL @ MIA,1,3
2011112401,DAL @ MIA,0,4
2011112402,BAL @ SF,0,4
2011112400,GB @ DET,0,4
2011112401,MIA @ DAL,1,4
2011112402,SF @ BAL,1,4
2011112400,DET @ GB,1,4
2011112402,SF @ BAL,1,4
2011112711,PIT @ KC,0,1
2011112702,HOU @ JAC,0,1
2011112707,WAS @ SEA,0,1
2011112706,TB @ TEN,0,1
2011112710,DEN @ SD,0,1
2011112701,CLE @ CIN,0,1
2011112702,JAC @ HOU,0,1
2011112703,MIN @ ATL,0,1
2011112704,ARI @ STL,0,1
2011112706,TB @ TEN,0,1
2011112707,SEA @ WAS,0,1
2011112710,SD @ DEN,0,1
2011112710,DEN @ SD,0,1
2011112708,OAK @ CHI,0,1
2011112704,ARI @ STL,0,1
2011112705,IND @ CAR,0,1
2011112700,NYJ @ BUF,0,1
2011112709,NE @ PHI,0,1
2011112702,HOU @ JAC,0,1
2011112704,STL @ ARI,0,1
2011112700,BUF @ NYJ,0,1
2011112703,ATL @ MIN,0,1
2011112708,CHI @ OAK,0,1
2011112706,TEN @ TB,0,1
2011112700,NYJ @ BUF,0,1
2011112705,IND @ CAR,1,1
2011112704,STL @ ARI,1,1
2011112708,CHI @ OAK,1,1
2011112702,JAC @ HOU,1,1
2011112705,CAR @ IND,1,1
2011112703,MIN @ ATL,1,1
2011112702,JAC @ HOU,1,1
2011112700,BUF @ NYJ,0,2
2011112707,SEA @ WAS,0,2
2011112710,DEN @ SD,0,2
2011112706,TB @ TEN,0,2
2011112701,CIN @ CLE,0,2
2011112704,ARI @ STL,0,2
2011112705,CAR @ IND,0,2
2011112700,BUF @ NYJ,0,2
2011112710,SD @ DEN,0,2
2011112705,IND @ CAR,0,2
2011112700,NYJ @ BUF,0,2
2011112709,PHI @ NE,0,2
2011112711,KC @ PIT,0,2
2011112704,ARI @ STL,0,2
2011112707,SEA @ WAS,0,2
2011112708,CHI @ OAK,0,2
2011112703,ATL @ MIN,0,2
2011112708,OAK @ CHI,0,2
2011112704,STL @ ARI,0,2
2011112709,PHI @ NE,1,2
2011112710,SD @ DEN,1,2
2011112701,CLE @ CIN,1,2
2011112703,MIN @ ATL,1,2
2011112701,CLE @ CIN,1,2
2011112710,DEN @ SD,1,2
2011112700,BUF @ NYJ,1,2
2011112701,CIN @ CLE,1,2
2011112702,JAC @ HOU,1,2
2011112704,STL @ ARI,1,2
2011112711,PIT @ KC,1,2
2011112705,CAR @ IND,1,2
2011112702,HOU @ JAC,1,2
2011112703,MIN @ ATL,1,2
2011112709,PHI @ NE,1,2
2011112703,ATL @ MIN,0,3
2011112711,KC @ PIT,0,3
2011112706,TB @ TEN,0,3
2011112709,PHI @ NE,0,3
2011112700,NYJ @ BUF,0,3
2011112700,BUF @ NYJ,0,3
2011112704,STL @ ARI,0,3
2011112702,HOU @ JAC,0,3
2011112706,TEN @ TB,0,3
2011112709,NE @ PHI,0,3
2011112704,STL @ ARI,0,3
2011112711,PIT @ KC,0,3
2011112702,JAC @ HOU,0,3
2011112708,CHI @ OAK,0,3
2011112710,SD @ DEN,0,3
2011112706,TEN @ TB,0,3
2011112707,WAS @ SEA,0,3
2011112710,DEN @ SD,0,3
2011112708,CHI @ OAK,0,3
2011112702,HOU @ JAC,0,3
2011112711,KC @ PIT,0,3
2011112700,BUF @ NYJ,0,3
2011112707,SEA @ WAS,0,3
2011112703,ATL @ MIN,0,3
2011112710,DEN @ SD,0,3
2011112702,HOU @ JAC,0,3
2011112702,JAC @ HOU,1,3
2011112707,WAS @ SEA,1,3
2011112708,OAK @ CHI,1,3
2011112705,IND @ CAR,1,3
2011112702,JAC @ HOU,1,3
2011112710,DEN @ SD,1,3
2011112705,IND @ CAR,1,3
2011112703,MIN @ ATL,1,3
2011112711,KC @ PIT,5,3
2011112708,OAK @ CHI,0,4
2011112708,OAK @ CHI,0,4
2011112707,WAS @ SEA,0,4
2011112704,STL @ ARI,0,4
2011112709,NE @ PHI,0,4
2011112710,SD @ DEN,0,4
2011112701,CLE @ CIN,0,4
2011112709,PHI @ NE,0,4
2011112702,HOU @ JAC,0,4
2011112706,TB @ TEN,0,4
2011112701,CIN @ CLE,0,4
2011112710,DEN @ SD,0,4
2011112701,CLE @ CIN,0,4
2011112704,STL @ ARI,0,4
2011112708,OAK @ CHI,0,4
2011112703,MIN @ ATL,0,4
2011112702,HOU @ JAC,0,4
2011112711,PIT @ KC,0,4
2011112711,PIT @ KC,0,4
2011112703,MIN @ ATL,0,4
2011112702,HOU @ JAC,0,4
2011112702,HOU @ JAC,0,4
2011112702,HOU @ JAC,1,4
2011112705,CAR @ IND,1,4
2011112711,PIT @ KC,1,4
2011112707,SEA @ WAS,1,4
2011112701,CIN @ CLE,1,4
2011112700,BUF @ NYJ,1,4
2011112707,SEA @ WAS,1,4
2011112700,NYJ @ BUF,1,4
2011112702,JAC @ HOU,1,4
2011112704,ARI @ STL,1,4
2011112703,ATL @ MIN,1,4
2011112702,JAC @ HOU,1,4
2011112710,DEN @ SD,0,5
2011112710,SD @ DEN,0,5
2011112710,DEN @ SD,1,5
2011112800,NYG @ NO,0,2
2011112800,NYG @ NO,0,2
2011112800,NO @ NYG,0,2
2011112800,NO @ NYG,0,3
2011112800,NYG @ NO,0,3
2011120100,PHI @ SEA,0,1
2011120100,SEA @ PHI,0,1
2011120100,SEA @ PHI,0,1
2011120100,PHI @ SEA,1,1
2011120100,PHI @ SEA,0,2
2011120100,SEA @ PHI,0,2
2011120100,PHI @ SEA,0,2
2011120100,SEA @ PHI,0,2
2011120100,SEA @ PHI,0,4
2011120408,HOU @ ATL,0,1
2011120410,GB @ NYG,0,1
2011120406,DET @ NO,0,1
2011120401,CHI @ KC,0,1
2011120411,DAL @ ARI,0,1
2011120401,KC @ CHI,0,1
2011120412,STL @ SF,0,1
2011120405,CIN @ PIT,0,1
2011120409,MIN @ DEN,0,1
2011120401,CHI @ KC,0,1
2011120409,DEN @ MIN,0,1
2011120401,KC @ CHI,0,1
2011120405,PIT @ CIN,0,1
2011120403,OAK @ MIA,0,1
2011120410,NYG @ GB,0,1
2011120410,GB @ NYG,0,1
2011120411,ARI @ DAL,0,1
2011120401,CHI @ KC,0,1
2011120412,STL @ SF,0,1
2011120404,CLE @ BAL,0,1
2011120401,KC @ CHI,0,1
2011120411,DAL @ ARI,0,1
2011120412,SF @ STL,0,1
2011120409,MIN @ DEN,0,1
2011120403,OAK @ MIA,0,1
2011120406,NO @ DET,0,1
2011120408,ATL @ HOU,0,1
2011120408,ATL @ HOU,1,1
2011120404,CLE @ BAL,1,1
2011120407,TB @ CAR,1,1
2011120406,DET @ NO,1,1
2011120408,HOU @ ATL,1,1
2011120413,IND @ NE,1,1
2011120405,PIT @ CIN,1,1
2011120402,BUF @ TEN,1,1
2011120402,TEN @ BUF,0,2
2011120409,MIN @ DEN,0,2
2011120412,STL @ SF,0,2
2011120400,WAS @ NYJ,0,2
2011120403,OAK @ MIA,0,2
2011120405,CIN @ PIT,0,2
2011120408,HOU @ ATL,0,2
2011120413,IND @ NE,0,2
2011120411,ARI @ DAL,0,2
2011120409,DEN @ MIN,0,2
2011120403,MIA @ OAK,0,2
2011120404,CLE @ BAL,0,2
2011120407,CAR @ TB,0,2
2011120401,CHI @ KC,0,2
2011120402,TEN @ BUF,0,2
2011120412,STL @ SF,0,2
2011120403,OAK @ MIA,0,2
2011120401,KC @ CHI,0,2
2011120400,WAS @ NYJ,0,2
2011120410,NYG @ GB,0,2
2011120400,NYJ @ WAS,0,2
2011120409,DEN @ MIN,0,2
2011120413,IND @ NE,0,2
2011120411,ARI @ DAL,0,2
2011120410,GB @ NYG,0,2
2011120411,DAL @ ARI,0,2
2011120404,CLE @ BAL,0,2
2011120413,NE @ IND,0,2
2011120412,SF @ STL,0,2
2011120405,CIN @ PIT,0,2
2011120410,NYG @ GB,0,2
2011120411,ARI @ DAL,0,2
2011120408,ATL @ HOU,0,2
2011120407,CAR @ TB,0,2
2011120408,ATL @ HOU,1,2
2011120405,PIT @ CIN,1,2
2011120402,BUF @ TEN,1,2
2011120411,ARI @ DAL,1,2
2011120406,DET @ NO,1,2
2011120406,DET @ NO,1,2
2011120413,NE @ IND,1,2
2011120403,OAK @ MIA,1,2
2011120409,MIN @ DEN,1,2
2011120401,KC @ CHI,1,2
2011120409,DEN @ MIN,1,2
2011120400,NYJ @ WAS,0,3
2011120402,BUF @ TEN,0,3
2011120412,SF @ STL,0,3
2011120410,GB @ NYG,0,3
2011120407,TB @ CAR,0,3
2011120404,CLE @ BAL,0,3
2011120403,OAK @ MIA,0,3
2011120400,WAS @ NYJ,0,3
2011120402,TEN @ BUF,0,3
2011120401,KC @ CHI,0,3
2011120409,DEN @ MIN,0,3
2011120406,NO @ DET,0,3
2011120400,WAS @ NYJ,0,3
2011120405,CIN @ PIT,0,3
2011120404,CLE @ BAL,0,3
2011120400,NYJ @ WAS,0,3
2011120403,OAK @ MIA,0,3
2011120400,WAS @ NYJ,0,3
2011120408,HOU @ ATL,0,3
2011120405,CIN @ PIT,0,3
2011120401,CHI @ KC,0,3
2011120400,NYJ @ WAS,0,3
2011120405,CIN @ PIT,1,3
2011120412,STL @ SF,1,3
2011120402,BUF @ TEN,1,3
2011120409,MIN @ DEN,1,3
2011120412,STL @ SF,1,3
2011120405,PIT @ CIN,1,3
2011120404,BAL @ CLE,1,3
2011120402,TEN @ BUF,1,3
2011120401,KC @ CHI,0,4
2011120413,NE @ IND,0,4
2011120405,PIT @ CIN,0,4
2011120412,SF @ STL,0,4
2011120412,SF @ STL,0,4
2011120411,ARI @ DAL,0,4
2011120401,KC @ CHI,0,4
2011120405,CIN @ PIT,0,4
2011120411,DAL @ ARI,0,4
2011120412,STL @ SF,0,4
2011120406,NO @ DET,0,4
2011120412,SF @ STL,0,4
2011120413,NE @ IND,0,4
2011120411,ARI @ DAL,0,4
2011120401,KC @ CHI,0,4
2011120406,DET @ NO,0,4
2011120404,CLE @ BAL,0,4
2011120410,GB @ NYG,0,4
2011120404,BAL @ CLE,0,4
2011120413,NE @ IND,0,4
2011120400,NYJ @ WAS,0,4
2011120411,DAL @ ARI,0,4
2011120400,WAS @ NYJ,0,4
2011120401,KC @ CHI,0,4
2011120409,DEN @ MIN,0,4
2011120403,MIA @ OAK,0,4
2011120404,CLE @ BAL,0,4
2011120404,BAL @ CLE,0,4
2011120403,OAK @ MIA,0,4
2011120406,NO @ DET,0,4
2011120401,KC @ CHI,0,4
2011120403,MIA @ OAK,0,4
2011120409,MIN @ DEN,0,4
2011120402,TEN @ BUF,1,4
2011120408,HOU @ ATL,1,4
2011120401,KC @ CHI,1,4
2011120407,CAR @ TB,1,4
2011120403,MIA @ OAK,1,4
2011120410,NYG @ GB,1,4
2011120405,PIT @ CIN,1,4
2011120401,CHI @ KC,1,4
2011120411,DAL @ ARI,1,4
2011120401,CHI @ KC,1,4
2011120412,STL @ SF,1,4
2011120500,JAC @ SD,0,1
2011120500,JAC @ SD,0,1
2011120500,SD @ JAC,1,2
2011120500,JAC @ SD,0,3
2011120500,SD @ JAC,0,3
2011120500,JAC @ SD,0,3
2011120500,SD @ JAC,1,3
2011120500,JAC @ SD,0,4
2011120500,SD @ JAC,1,4
2011120800,CLE @ PIT,0,1
2011120800,CLE @ PIT,0,2
2011120800,PIT @ CLE,0,2
2011120800,CLE @ PIT,0,2
2011120800,CLE @ PIT,0,2
2011120800,PIT @ CLE,1,2
2011120800,PIT @ CLE,1,2
2011120800,CLE @ PIT,0,3
2011120800,PIT @ CLE,0,3
2011120800,CLE @ PIT,0,4
2011121100,NE @ WAS,0,1
2011121109,NO @ TEN,0,1
2011121102,NYJ @ KC,0,1
2011121110,SF @ ARI,0,1
2011121107,PHI @ MIA,0,1
2011121110,ARI @ SF,0,1
2011121108,TB @ JAC,0,1
2011121108,JAC @ TB,0,1
2011121111,CHI @ DEN,0,1
2011121108,JAC @ TB,0,1
2011121109,TEN @ NO,0,1
2011121107,PHI @ MIA,0,1
2011121102,KC @ NYJ,0,1
2011121104,IND @ BAL,0,1
2011121111,DEN @ CHI,0,1
2011121113,NYG @ DAL,0,1
2011121107,PHI @ MIA,0,1
2011121111,CHI @ DEN,0,1
2011121106,CAR @ ATL,0,1
2011121105,DET @ MIN,0,1
2011121100,NE @ WAS,0,1
2011121111,DEN @ CHI,0,1
2011121103,HOU @ CIN,0,1
2011121111,CHI @ DEN,1,1
2011121110,ARI @ SF,1,1
2011121107,MIA @ PHI,1,1
2011121102,NYJ @ KC,1,1
2011121105,MIN @ DET,1,1
2011121110,ARI @ SF,1,1
2011121110,SF @ ARI,1,1
2011121106,ATL @ CAR,1,1
2011121103,CIN @ HOU,1,1
2011121104,IND @ BAL,1,1
2011121100,WAS @ NE,1,1
2011121113,DAL @ NYG,1,1
2011121112,SD @ BUF,0,2
2011121106,ATL @ CAR,0,2
2011121111,CHI @ DEN,0,2
2011121106,CAR @ ATL,0,2
2011121106,ATL @ CAR,0,2
2011121113,NYG @ DAL,0,2
2011121112,SD @ BUF,0,2
2011121111,DEN @ CHI,0,2
2011121108,TB @ JAC,0,2
2011121105,MIN @ DET,0,2
2011121107,MIA @ PHI,0,2
2011121108,JAC @ TB,0,2
2011121106,CAR @ ATL,0,2
2011121112,BUF @ SD,0,2
2011121108,TB @ JAC,0,2
2011121109,TEN @ NO,0,2
2011121102,NYJ @ KC,0,2
2011121108,JAC @ TB,0,2
2011121105,DET @ MIN,0,2
2011121107,MIA @ PHI,1,2
2011121104,BAL @ IND,1,2
2011121107,PHI @ MIA,1,2
2011121112,BUF @ SD,1,2
2011121102,KC @ NYJ,1,2
2011121109,TEN @ NO,1,2
2011121109,NO @ TEN,1,2
2011121106,ATL @ CAR,1,2
2011121111,CHI @ DEN,1,2
2011121105,DET @ MIN,1,2
2011121102,KC @ NYJ,1,2
2011121109,NO @ TEN,1,2
2011121106,ATL @ CAR,1,2
2011121108,JAC @ TB,1,2
2011121102,KC @ NYJ,1,2
2011121104,IND @ BAL,1,2
2011121100,WAS @ NE,0,3
2011121102,NYJ @ KC,0,3
2011121108,TB @ JAC,0,3
2011121101,OAK @ GB,0,3
2011121104,IND @ BAL,0,3
2011121106,CAR @ ATL,0,3
2011121108,JAC @ TB,0,3
2011121107,PHI @ MIA,0,3
2011121108,TB @ JAC,0,3
2011121110,SF @ ARI,0,3
2011121110,ARI @ SF,0,3
2011121108,JAC @ TB,0,3
2011121105,DET @ MIN,0,3
2011121110,SF @ ARI,0,3
2011121102,KC @ NYJ,0,3
2011121104,IND @ BAL,0,3
2011121107,MIA @ PHI,0,3
2011121103,HOU @ CIN,0,3
2011121104,BAL @ IND,0,3
2011121111,CHI @ DEN,0,3
2011121102,NYJ @ KC,0,3
2011121109,TEN @ NO,0,3
2011121111,DEN @ CHI,0,3
2011121102,KC @ NYJ,0,3
2011121110,SF @ ARI,1,3
2011121113,DAL @ NYG,1,3
2011121102,KC @ NYJ,1,3
2011121111,DEN @ CHI,1,3
2011121107,PHI @ MIA,1,3
2011121111,DEN @ CHI,1,3
2011121103,CIN @ HOU,1,3
2011121108,JAC @ TB,1,3
2011121113,NYG @ DAL,1,3
2011121110,ARI @ SF,1,3
2011121107,MIA @ PHI,1,3
2011121111,CHI @ DEN,1,3
2011121106,CAR @ ATL,1,3
2011121112,SD @ BUF,10,3
2011121111,CHI @ DEN,0,4
2011121107,PHI @ MIA,0,4
2011121102,NYJ @ KC,0,4
2011121109,NO @ TEN,0,4
2011121102,NYJ @ KC,0,4
2011121113,DAL @ NYG,0,4
2011121112,SD @ BUF,0,4
2011121101,GB @ OAK,0,4
2011121105,DET @ MIN,0,4
2011121102,NYJ @ KC,0,4
2011121110,ARI @ SF,0,4
2011121111,DEN @ CHI,0,4
2011121111,CHI @ DEN,0,4
2011121107,PHI @ MIA,0,4
2011121107,PHI @ MIA,0,4
2011121106,ATL @ CAR,0,4
2011121110,SF @ ARI,0,4
2011121100,WAS @ NE,0,4
2011121106,CAR @ ATL,0,4
2011121101,OAK @ GB,0,4
2011121100,NE @ WAS,0,4
2011121107,PHI @ MIA,0,4
2011121111,DEN @ CHI,0,4
2011121113,NYG @ DAL,0,4
2011121111,CHI @ DEN,1,4
2011121104,BAL @ IND,1,4
2011121103,CIN @ HOU,1,4
2011121110,ARI @ SF,1,4
2011121110,SF @ ARI,1,4
2011121111,CHI @ DEN,1,4
2011121109,NO @ TEN,1,4
2011121107,MIA @ PHI,1,4
2011121109,TEN @ NO,1,4
2011121111,CHI @ DEN,1,4
2011121103,CIN @ HOU,1,4
2011121104,IND @ BAL,1,4
2011121200,STL @ SEA,0,1
2011121200,STL @ SEA,0,1
2011121200,SEA @ STL,0,1
2011121200,STL @ SEA,0,2
2011121200,SEA @ STL,0,2
2011121200,SEA @ STL,1,2
2011121200,STL @ SEA,0,3
2011121200,STL @ SEA,0,4
2011121500,JAC @ ATL,1,1
2011121500,JAC @ ATL,0,2
2011121500,ATL @ JAC,0,2
2011121500,JAC @ ATL,0,2
2011121500,ATL @ JAC,0,2
2011121500,JAC @ ATL,1,2
2011121500,ATL @ JAC,0,3
2011121500,ATL @ JAC,0,3
2011121500,JAC @ ATL,0,3
2011121500,JAC @ ATL,1,3
2011121500,ATL @ JAC,0,4
2011121500,JAC @ ATL,1,4
2011121700,TB @ DAL,1,1
2011121700,TB @ DAL,1,2
2011121700,TB @ DAL,1,2
2011121700,DAL @ TB,1,2
2011121700,TB @ DAL,1,2
2011121700,DAL @ TB,0,4
2011121700,DAL @ TB,0,4
2011121809,NYJ @ PHI,0,1
2011121801,MIA @ BUF,0,1
2011121811,NE @ DEN,0,1
2011121804,CHI @ SEA,0,1
2011121810,ARI @ CLE,0,1
2011121802,TEN @ IND,0,1
2011121803,NYG @ WAS,0,1
2011121809,NYJ @ PHI,0,1
2011121807,GB @ KC,0,1
2011121808,DET @ OAK,0,1
2011121806,HOU @ CAR,0,1
2011121803,NYG @ WAS,0,1
2011121810,CLE @ ARI,0,1
2011121805,MIN @ NO,0,1
2011121801,BUF @ MIA,0,1
2011121810,ARI @ CLE,0,1
2011121801,MIA @ BUF,0,1
2011121805,NO @ MIN,0,1
2011121802,IND @ TEN,0,1
2011121800,STL @ CIN,0,1
2011121809,PHI @ NYJ,0,1
2011121804,SEA @ CHI,0,1
2011121808,DET @ OAK,0,1
2011121803,NYG @ WAS,0,1
2011121801,BUF @ MIA,1,1
2011121808,OAK @ DET,1,1
2011121805,MIN @ NO,1,1
2011121806,CAR @ HOU,1,1
2011121802,IND @ TEN,1,1
2011121802,TEN @ IND,1,1
2011121801,BUF @ MIA,1,1
2011121808,DET @ OAK,1,1
2011121804,CHI @ SEA,1,1
2011121811,NE @ DEN,0,2
2011121805,MIN @ NO,0,2
2011121807,KC @ GB,0,2
2011121810,CLE @ ARI,0,2
2011121807,GB @ KC,0,2
2011121801,MIA @ BUF,0,2
2011121802,TEN @ IND,0,2
2011121812,BAL @ SD,0,2
2011121802,IND @ TEN,0,2
2011121802,IND @ TEN,0,2
2011121803,NYG @ WAS,0,2
2011121808,DET @ OAK,0,2
2011121810,ARI @ CLE,0,2
2011121804,SEA @ CHI,0,2
2011121800,CIN @ STL,0,2
2011121802,IND @ TEN,0,2
2011121800,STL @ CIN,0,2
2011121800,CIN @ STL,0,2
2011121806,HOU @ CAR,0,2
2011121800,STL @ CIN,0,2
2011121808,DET @ OAK,0,2
2011121807,GB @ KC,0,2
2011121801,BUF @ MIA,0,2
2011121804,SEA @ CHI,0,2
2011121807,GB @ KC,1,2
2011121804,SEA @ CHI,1,2
2011121811,DEN @ NE,1,2
2011121801,BUF @ MIA,1,2
2011121808,OAK @ DET,1,2
2011121801,BUF @ MIA,1,2
2011121802,TEN @ IND,1,2
2011121806,CAR @ HOU,1,2
2011121802,IND @ TEN,1,2
2011121802,TEN @ IND,1,2
2011121809,PHI @ NYJ,0,3
2011121800,STL @ CIN,0,3
2011121800,CIN @ STL,0,3
2011121801,BUF @ MIA,0,3
2011121811,DEN @ NE,0,3
2011121804,CHI @ SEA,0,3
2011121804,SEA @ CHI,0,3
2011121810,ARI @ CLE,0,3
2011121808,DET @ OAK,0,3
2011121800,STL @ CIN,0,3
2011121809,NYJ @ PHI,0,3
2011121806,CAR @ HOU,0,3
2011121805,MIN @ NO,0,3
2011121801,MIA @ BUF,0,3
2011121811,NE @ DEN,0,3
2011121804,CHI @ SEA,0,3
2011121808,OAK @ DET,0,3
2011121810,CLE @ ARI,0,3
2011121807,KC @ GB,0,3
2011121809,NYJ @ PHI,0,3
2011121807,GB @ KC,0,3
2011121802,TEN @ IND,0,3
2011121801,BUF @ MIA,1,3
2011121809,NYJ @ PHI,1,3
2011121802,TEN @ IND,1,3
2011121801,MIA @ BUF,1,3
2011121806,CAR @ HOU,1,3
2011121808,OAK @ DET,1,3
2011121811,DEN @ NE,1,3
2011121805,MIN @ NO,1,3
2011121810,ARI @ CLE,1,3
2011121806,CAR @ HOU,1,3
2011121805,MIN @ NO,1,3
2011121810,ARI @ CLE,0,4
2011121801,MIA @ BUF,0,4
2011121810,ARI @ CLE,0,4
2011121800,CIN @ STL,0,4
2011121808,OAK @ DET,0,4
2011121810,CLE @ ARI,0,4
2011121803,WAS @ NYG,0,4
2011121800,CIN @ STL,0,4
2011121802,IND @ TEN,0,4
2011121800,STL @ CIN,0,4
2011121804,CHI @ SEA,0,4
2011121803,WAS @ NYG,0,4
2011121805,MIN @ NO,0,4
2011121800,STL @ CIN,0,4
2011121810,CLE @ ARI,0,4
2011121812,BAL @ SD,0,4
2011121810,CLE @ ARI,1,4
2011121809,PHI @ NYJ,1,4
2011121807,GB @ KC,1,4
2011121802,IND @ TEN,1,4
2011121811,NE @ DEN,1,4
2011121809,PHI @ NYJ,1,4
2011121808,DET @ OAK,1,4
2011121809,NYJ @ PHI,1,4
2011121811,DEN @ NE,1,4
2011121804,CHI @ SEA,1,4
2011121810,CLE @ ARI,1,5
2011121900,SF @ PIT,0,2
2011121900,PIT @ SF,0,2
2011121900,SF @ PIT,0,3
2011121900,SF @ PIT,0,3
2011121900,PIT @ SF,0,3
2011121900,SF @ PIT,0,3
2011121900,PIT @ SF,0,4
2011121900,SF @ PIT,0,4
2011121900,SF @ PIT,0,4
2011121900,PIT @ SF,0,4
2011121900,SF @ PIT,0,4
2011122200,IND @ HOU,0,1
2011122200,IND @ HOU,0,1
2011122200,HOU @ IND,1,1
2011122200,IND @ HOU,1,1
2011122200,HOU @ IND,0,2
2011122200,HOU @ IND,0,2
2011122200,IND @ HOU,0,2
2011122200,HOU @ IND,0,2
2011122200,HOU @ IND,0,3
2011122200,IND @ HOU,0,3
2011122200,HOU @ IND,0,4
2011122405,NYJ @ NYG,0,1
2011122401,NE @ MIA,0,1
2011122401,MIA @ NE,0,1
2011122409,STL @ PIT,0,1
2011122405,NYG @ NYJ,0,1
2011122411,DAL @ PHI,0,1
2011122406,MIN @ WAS,0,1
2011122408,ARI @ CIN,0,1
2011122405,NYJ @ NYG,0,1
2011122401,MIA @ NE,0,1
2011122412,SEA @ SF,0,1
2011122406,WAS @ MIN,0,1
2011122402,CLE @ BAL,0,1
2011122405,NYG @ NYJ,0,1
2011122410,SD @ DET,0,1
2011122401,NE @ MIA,0,1
2011122411,PHI @ DAL,0,1
2011122403,JAC @ TEN,0,1
2011122411,DAL @ PHI,0,1
2011122409,STL @ PIT,0,1
2011122403,TEN @ JAC,0,1
2011122404,KC @ OAK,0,1
2011122400,BUF @ DEN,0,1
2011122405,NYJ @ NYG,1,1
2011122409,PIT @ STL,1,1
2011122400,DEN @ BUF,1,1
2011122401,NE @ MIA,1,1
2011122403,JAC @ TEN,1,1
2011122408,ARI @ CIN,1,1
2011122406,MIN @ WAS,1,1
2011122405,NYG @ NYJ,1,1
2011122406,WAS @ MIN,1,1
2011122401,MIA @ NE,0,2
2011122411,DAL @ PHI,0,2
2011122408,ARI @ CIN,0,2
2011122400,DEN @ BUF,0,2
2011122401,NE @ MIA,0,2
2011122405,NYJ @ NYG,0,2
2011122409,PIT @ STL,0,2
2011122402,BAL @ CLE,0,2
2011122400,DEN @ BUF,0,2
2011122409,STL @ PIT,0,2
2011122401,NE @ MIA,0,2
2011122401,NE @ MIA,0,2
2011122403,JAC @ TEN,0,2
2011122405,NYJ @ NYG,0,2
2011122412,SF @ SEA,0,2
2011122402,CLE @ BAL,0,2
2011122412,SEA @ SF,0,2
2011122403,TEN @ JAC,0,2
2011122411,DAL @ PHI,0,2
2011122400,DEN @ BUF,0,2
2011122400,BUF @ DEN,0,2
2011122408,ARI @ CIN,0,2
2011122410,SD @ DET,0,2
2011122401,NE @ MIA,0,2
2011122400,DEN @ BUF,0,2
2011122402,CLE @ BAL,0,2
2011122404,OAK @ KC,0,2
2011122411,PHI @ DAL,0,2
2011122401,MIA @ NE,1,2
2011122405,NYG @ NYJ,1,2
2011122410,SD @ DET,1,2
2011122409,STL @ PIT,1,2
2011122403,JAC @ TEN,1,2
2011122404,KC @ OAK,1,2
2011122409,STL @ PIT,9,2
2011122408,ARI @ CIN,0,3
2011122404,OAK @ KC,0,3
2011122405,NYJ @ NYG,0,3
2011122412,SEA @ SF,0,3
2011122402,BAL @ CLE,0,3
2011122405,NYG @ NYJ,0,3
2011122402,CLE @ BAL,0,3
2011122400,DEN @ BUF,0,3
2011122405,NYJ @ NYG,0,3
2011122409,PIT @ STL,0,3
2011122411,DAL @ PHI,0,3
2011122409,STL @ PIT,0,3
2011122408,CIN @ ARI,0,3
2011122408,CIN @ ARI,0,3
2011122402,CLE @ BAL,0,3
2011122405,NYG @ NYJ,0,3
2011122407,CAR @ TB,0,3
2011122402,BAL @ CLE,0,3
2011122411,DAL @ PHI,0,3
2011122403,TEN @ JAC,0,3
2011122411,PHI @ DAL,0,3
2011122410,SD @ DET,0,3
2011122402,BAL @ CLE,0,3
2011122404,KC @ OAK,0,3
2011122408,CIN @ ARI,0,3
2011122411,DAL @ PHI,0,3
2011122403,TEN @ JAC,1,3
2011122411,DAL @ PHI,1,3
2011122403,JAC @ TEN,1,3
2011122401,MIA @ NE,1,3
2011122408,ARI @ CIN,1,3
2011122411,PHI @ DAL,1,3
2011122403,JAC @ TEN,1,3
2011122405,NYJ @ NYG,1,3
2011122407,TB @ CAR,1,3
2011122410,DET @ SD,1,3
2011122402,CLE @ BAL,1,3
2011122403,JAC @ TEN,1,3
2011122405,NYG @ NYJ,1,3
2011122406,MIN @ WAS,1,3
2011122405,NYJ @ NYG,1,3
2011122405,NYG @ NYJ,0,4
2011122400,BUF @ DEN,0,4
2011122410,DET @ SD,0,4
2011122405,NYJ @ NYG,0,4
2011122402,BAL @ CLE,0,4
2011122412,SF @ SEA,0,4
2011122410,DET @ SD,0,4
2011122407,CAR @ TB,0,4
2011122409,STL @ PIT,0,4
2011122400,BUF @ DEN,0,4
2011122412,SEA @ SF,0,4
2011122409,STL @ PIT,0,4
2011122404,OAK @ KC,0,4
2011122409,PIT @ STL,0,4
2011122400,DEN @ BUF,0,4
2011122411,DAL @ PHI,0,4
2011122408,CIN @ ARI,0,4
2011122403,JAC @ TEN,0,4
2011122411,PHI @ DAL,1,4
2011122404,OAK @ KC,1,4
2011122412,SF @ SEA,1,4
2011122408,CIN @ ARI,1,4
2011122406,MIN @ WAS,1,4
2011122405,NYG @ NYJ,1,4
2011122408,CIN @ ARI,1,4
2011122401,MIA @ NE,1,4
2011122411,PHI @ DAL,1,4
2011122403,JAC @ TEN,1,4
2011122500,CHI @ GB,0,1
2011122500,GB @ CHI,1,1
2011122500,GB @ CHI,0,2
2011122500,GB @ CHI,1,2
2011122500,CHI @ GB,1,3
2011122500,GB @ CHI,0,4
2011122600,ATL @ NO,0,2
2011122600,ATL @ NO,0,2
2011122600,ATL @ NO,0,3
2011122600,NO @ ATL,0,4
2011122600,NO @ ATL,0,4
2012010103,CLE @ PIT,0,1
2012010103,PIT @ CLE,0,1
2012010100,NYJ @ MIA,0,1
2012010106,DAL @ NYG,0,1
2012010100,MIA @ NYJ,0,1
2012010104,TEN @ HOU,0,1
2012010107,PHI @ WAS,0,1
2012010112,SF @ STL,0,1
2012010109,MIN @ CHI,0,1
2012010105,IND @ JAC,0,1
2012010113,DEN @ KC,0,1
2012010113,DEN @ KC,0,1
2012010107,WAS @ PHI,0,1
2012010115,SEA @ ARI,0,1
2012010109,CHI @ MIN,0,1
2012010103,CLE @ PIT,0,1
2012010106,DAL @ NYG,0,1
2012010101,NE @ BUF,0,1
2012010106,NYG @ DAL,0,1
2012010102,CIN @ BAL,0,1
2012010113,KC @ DEN,0,1
2012010108,DET @ GB,0,1
2012010115,ARI @ SEA,0,1
2012010104,TEN @ HOU,0,1
2012010107,WAS @ PHI,0,1
2012010103,CLE @ PIT,0,1
2012010109,MIN @ CHI,0,1
2012010106,DAL @ NYG,0,1
2012010107,PHI @ WAS,0,1
2012010100,NYJ @ MIA,0,1
2012010102,BAL @ CIN,1,1
2012010107,WAS @ PHI,1,1
2012010104,HOU @ TEN,1,1
2012010112,STL @ SF,1,1
2012010101,NE @ BUF,1,1
2012010110,TB @ ATL,1,1
2012010113,DEN @ KC,1,1
2012010115,SEA @ ARI,1,1
2012010101,BUF @ NE,6,1
2012010112,STL @ SF,0,2
2012010113,DEN @ KC,0,2
2012010115,SEA @ ARI,0,2
2012010100,NYJ @ MIA,0,2
2012010113,KC @ DEN,0,2
2012010112,STL @ SF,0,2
2012010112,SF @ STL,0,2
2012010109,CHI @ MIN,0,2
2012010106,DAL @ NYG,0,2
2012010102,CIN @ BAL,0,2
2012010113,KC @ DEN,0,2
2012010110,TB @ ATL,0,2
2012010115,ARI @ SEA,0,2
2012010101,BUF @ NE,0,2
2012010104,TEN @ HOU,0,2
2012010109,CHI @ MIN,0,2
2012010112,STL @ SF,0,2
2012010112,STL @ SF,0,2
2012010104,HOU @ TEN,0,2
2012010100,MIA @ NYJ,0,2
2012010109,MIN @ CHI,0,2
2012010108,GB @ DET,0,2
2012010114,OAK @ SD,0,2
2012010107,PHI @ WAS,0,2
2012010100,NYJ @ MIA,0,2
2012010115,ARI @ SEA,1,2
2012010100,MIA @ NYJ,1,2
2012010103,PIT @ CLE,1,2
2012010113,DEN @ KC,1,2
2012010112,STL @ SF,1,2
2012010105,IND @ JAC,1,2
2012010115,SEA @ ARI,1,2
2012010102,BAL @ CIN,1,2
2012010105,JAC @ IND,1,2
2012010107,PHI @ WAS,1,2
2012010106,DAL @ NYG,1,2
2012010108,DET @ GB,1,2
2012010105,JAC @ IND,0,3
2012010113,KC @ DEN,0,3
2012010102,BAL @ CIN,0,3
2012010114,OAK @ SD,0,3
2012010113,DEN @ KC,0,3
2012010109,CHI @ MIN,0,3
2012010113,KC @ DEN,0,3
2012010100,NYJ @ MIA,0,3
2012010102,CIN @ BAL,0,3
2012010101,BUF @ NE,0,3
2012010104,HOU @ TEN,0,3
2012010113,DEN @ KC,0,3
2012010113,DEN @ KC,0,3
2012010109,CHI @ MIN,0,3
2012010108,GB @ DET,0,3
2012010102,BAL @ CIN,0,3
2012010106,NYG @ DAL,0,3
2012010112,STL @ SF,0,3
2012010110,TB @ ATL,0,3
2012010109,CHI @ MIN,0,3
2012010102,CIN @ BAL,0,3
2012010111,CAR @ NO,1,3
2012010110,ATL @ TB,1,3
2012010109,MIN @ CHI,1,3
2012010105,IND @ JAC,1,3
2012010102,BAL @ CIN,1,3
2012010106,NYG @ DAL,1,3
2012010111,CAR @ NO,1,3
2012010109,MIN @ CHI,1,3
2012010112,SF @ STL,1,3
2012010110,ATL @ TB,1,3
2012010104,TEN @ HOU,1,3
2012010115,ARI @ SEA,1,3
2012010111,CAR @ NO,1,3
2012010100,MIA @ NYJ,1,3
2012010115,SEA @ ARI,0,4
2012010102,BAL @ CIN,0,4
2012010103,PIT @ CLE,0,4
2012010109,CHI @ MIN,0,4
2012010104,HOU @ TEN,0,4
2012010113,KC @ DEN,0,4
2012010106,DAL @ NYG,0,4
2012010103,CLE @ PIT,0,4
2012010108,GB @ DET,0,4
2012010111,NO @ CAR,0,4
2012010113,DEN @ KC,0,4
2012010109,MIN @ CHI,0,4
2012010108,DET @ GB,0,4
2012010115,ARI @ SEA,0,4
2012010113,KC @ DEN,0,4
2012010107,WAS @ PHI,0,4
2012010112,SF @ STL,0,4
2012010104,TEN @ HOU,0,4
2012010112,SF @ STL,0,4
2012010111,CAR @ NO,0,4
2012010104,HOU @ TEN,0,4
2012010103,CLE @ PIT,0,4
2012010101,BUF @ NE,0,4
2012010113,DEN @ KC,0,4
2012010115,SEA @ ARI,0,4
2012010104,TEN @ HOU,0,4
2012010104,TEN @ HOU,0,4
2012010106,NYG @ DAL,0,4
2012010103,CLE @ PIT,0,4
2012010103,PIT @ CLE,0,4
2012010113,KC @ DEN,1,4
2012010115,ARI @ SEA,1,4
2012010115,SEA @ ARI,1,4
2012010113,DEN @ KC,1,4
2012010112,SF @ STL,1,4
2012010115,ARI @ SEA,1,4
2012010104,HOU @ TEN,1,4
2012010107,WAS @ PHI,1,4
2012010102,BAL @ CIN,1,4
2012010108,GB @ DET,1,4
2012010115,SEA @ ARI,1,5
