2014090400,GB @ SEA,0,1
2014090400,SEA @ GB,0,1
2014090400,GB @ SEA,1,1
2014090400,GB @ SEA,0,2
2014090400,SEA @ GB,0,3
2014090400,SEA @ GB,0,3
2014090400,GB @ SEA,0,4
2014090707,PHI @ JAC,0,1
2014090703,HOU @ WAS,0,1
2014090707,JAC @ PHI,0,1
2014090704,TEN @ KC,0,1
2014090711,CAR @ TB,0,1
2014090702,CHI @ BUF,0,1
2014090709,MIN @ STL,0,1
2014090701,CIN @ BAL,0,1
2014090709,STL @ MIN,0,1
2014090701,BAL @ CIN,0,1
2014090703,HOU @ WAS,0,1
2014090700,ATL @ NO,0,1
2014090704,TEN @ KC,0,1
2014090711,TB @ CAR,0,1
2014090704,KC @ TEN,0,1
2014090703,WAS @ HOU,0,1
2014090712,IND @ DEN,0,1
2014090703,HOU @ WAS,0,1
2014090705,NE @ MIA,0,1
2014090704,TEN @ KC,1,1
2014090703,WAS @ HOU,1,1
2014090701,BAL @ CIN,1,1
2014090703,HOU @ WAS,1,1
2014090707,PHI @ JAC,1,1
2014090703,WAS @ HOU,1,1
2014090706,OAK @ NYJ,1,1
2014090704,KC @ TEN,1,1
2014090703,WAS @ HOU,1,1
2014090707,JAC @ PHI,1,1
2014090711,CAR @ TB,1,1
2014090702,BUF @ CHI,1,1
2014090703,HOU @ WAS,13,1
2014090707,JAC @ PHI,0,2
2014090702,BUF @ CHI,0,2
2014090707,PHI @ JAC,0,2
2014090704,KC @ TEN,0,2
2014090708,CLE @ PIT,0,2
2014090702,CHI @ BUF,0,2
2014090703,WAS @ HOU,0,2
2014090711,CAR @ TB,0,2
2014090708,PIT @ CLE,0,2
2014090706,OAK @ NYJ,0,2
2014090709,STL @ MIN,0,2
2014090708,CLE @ PIT,0,2
2014090712,IND @ DEN,0,2
2014090710,SF @ DAL,0,2
2014090706,NYJ @ OAK,0,2
2014090711,TB @ CAR,0,2
2014090705,NE @ MIA,0,2
2014090706,OAK @ NYJ,0,2
2014090708,CLE @ PIT,0,2
2014090709,MIN @ STL,0,2
2014090703,WAS @ HOU,0,2
2014090709,STL @ MIN,0,2
2014090712,IND @ DEN,0,2
2014090704,TEN @ KC,0,2
2014090708,CLE @ PIT,0,2
2014090701,BAL @ CIN,0,2
2014090702,BUF @ CHI,0,2
2014090704,TEN @ KC,1,2
2014090709,MIN @ STL,1,2
2014090711,TB @ CAR,1,2
2014090703,HOU @ WAS,1,2
2014090709,MIN @ STL,1,2
2014090707,PHI @ JAC,1,2
2014090708,CLE @ PIT,1,2
2014090706,OAK @ NYJ,0,3
2014090702,BUF @ CHI,0,3
2014090709,STL @ MIN,0,3
2014090707,PHI @ JAC,0,3
2014090708,PIT @ CLE,0,3
2014090707,JAC @ PHI,0,3
2014090709,MIN @ STL,0,3
2014090700,ATL @ NO,0,3
2014090703,HOU @ WAS,0,3
2014090701,CIN @ BAL,0,3
2014090710,SF @ DAL,0,3
2014090706,OAK @ NYJ,0,3
2014090704,KC @ TEN,0,3
2014090711,TB @ CAR,0,3
2014090706,NYJ @ OAK,0,3
2014090708,PIT @ CLE,0,3
2014090701,BAL @ CIN,0,3
2014090710,DAL @ SF,0,3
2014090706,OAK @ NYJ,0,3
2014090712,DEN @ IND,0,3
2014090712,DEN @ IND,0,3
2014090710,SF @ DAL,0,3
2014090707,JAC @ PHI,1,3
2014090709,STL @ MIN,1,3
2014090701,CIN @ BAL,1,3
2014090711,CAR @ TB,1,3
2014090707,PHI @ JAC,1,3
2014090705,NE @ MIA,1,3
2014090704,TEN @ KC,1,3
2014090707,JAC @ PHI,1,3
2014090700,NO @ ATL,1,3
2014090712,DEN @ IND,1,3
2014090707,JAC @ PHI,1,3
2014090704,KC @ TEN,4,3
2014090708,CLE @ PIT,0,4
2014090708,PIT @ CLE,0,4
2014090706,NYJ @ OAK,0,4
2014090704,KC @ TEN,0,4
2014090706,OAK @ NYJ,0,4
2014090708,CLE @ PIT,0,4
2014090708,CLE @ PIT,0,4
2014090708,CLE @ PIT,0,4
2014090700,NO @ ATL,0,4
2014090700,ATL @ NO,0,4
2014090708,PIT @ CLE,0,4
2014090707,JAC @ PHI,0,4
2014090709,MIN @ STL,0,4
2014090706,OAK @ NYJ,0,4
2014090703,WAS @ HOU,0,4
2014090701,CIN @ BAL,0,4
2014090705,NE @ MIA,0,4
2014090706,NYJ @ OAK,0,4
2014090710,SF @ DAL,0,4
2014090702,BUF @ CHI,0,4
2014090709,STL @ MIN,0,4
2014090704,TEN @ KC,0,4
2014090706,OAK @ NYJ,0,4
2014090706,NYJ @ OAK,0,4
2014090705,MIA @ NE,0,4
2014090708,PIT @ CLE,0,4
2014090712,DEN @ IND,0,4
2014090711,CAR @ TB,1,4
2014090704,TEN @ KC,1,4
2014090712,DEN @ IND,1,4
2014090712,DEN @ IND,1,4
2014090711,CAR @ TB,1,4
2014090710,DAL @ SF,1,4
2014090705,MIA @ NE,1,4
2014090705,NE @ MIA,1,4
2014090711,TB @ CAR,1,4
2014090702,CHI @ BUF,1,4
2014090712,IND @ DEN,1,4
2014090709,MIN @ STL,1,4
2014090705,NE @ MIA,1,4
2014090708,PIT @ CLE,25,4
2014090702,CHI @ BUF,0,5
2014090800,NYG @ DET,0,1
2014090801,SD @ ARI,0,1
2014090801,ARI @ SD,0,1
2014090800,DET @ NYG,0,1
2014090800,NYG @ DET,0,1
2014090801,SD @ ARI,0,1
2014090801,SD @ ARI,0,1
2014090800,NYG @ DET,1,1
2014090801,ARI @ SD,1,1
2014090800,NYG @ DET,0,2
2014090801,ARI @ SD,0,2
2014090801,ARI @ SD,0,2
2014090800,NYG @ DET,0,2
2014090801,SD @ ARI,0,2
2014090800,DET @ NYG,1,2
2014090801,SD @ ARI,0,3
2014090801,ARI @ SD,1,3
2014090800,NYG @ DET,1,3
2014090801,SD @ ARI,0,4
2014091100,PIT @ BAL,0,2
2014091100,PIT @ BAL,0,2
2014091100,BAL @ PIT,1,2
2014091100,PIT @ BAL,1,3
2014091100,BAL @ PIT,1,3
2014091100,PIT @ BAL,1,4
2014091400,MIA @ BUF,0,1
2014091403,NO @ CLE,0,1
2014091407,WAS @ JAC,0,1
2014091404,MIN @ NE,0,1
2014091410,KC @ DEN,0,1
2014091401,CAR @ DET,0,1
2014091406,TEN @ DAL,0,1
2014091412,OAK @ HOU,0,1
2014091404,NE @ MIN,0,1
2014091400,MIA @ BUF,0,1
2014091406,TEN @ DAL,0,1
2014091408,SEA @ SD,0,1
2014091406,DAL @ TEN,0,1
2014091411,GB @ NYJ,0,1
2014091402,ATL @ CIN,0,1
2014091403,CLE @ NO,0,1
2014091400,BUF @ MIA,0,1
2014091407,JAC @ WAS,0,1
2014091413,CHI @ SF,0,1
2014091403,NO @ CLE,0,1
2014091410,DEN @ KC,1,1
2014091401,CAR @ DET,1,1
2014091407,JAC @ WAS,1,1
2014091410,DEN @ KC,1,1
2014091407,JAC @ WAS,1,1
2014091403,NO @ CLE,1,1
2014091413,CHI @ SF,1,1
2014091407,WAS @ JAC,1,1
2014091400,BUF @ MIA,0,2
2014091412,HOU @ OAK,0,2
2014091404,NE @ MIN,0,2
2014091407,WAS @ JAC,0,2
2014091409,TB @ STL,0,2
2014091413,CHI @ SF,0,2
2014091406,TEN @ DAL,0,2
2014091411,NYJ @ GB,0,2
2014091400,MIA @ BUF,0,2
2014091410,KC @ DEN,0,2
2014091404,MIN @ NE,0,2
2014091409,STL @ TB,0,2
2014091406,DAL @ TEN,0,2
2014091412,OAK @ HOU,0,2
2014091402,ATL @ CIN,0,2
2014091413,CHI @ SF,0,2
2014091405,ARI @ NYG,0,2
2014091413,CHI @ SF,0,2
2014091409,STL @ TB,0,2
2014091403,CLE @ NO,0,2
2014091400,MIA @ BUF,0,2
2014091413,CHI @ SF,0,2
2014091408,SEA @ SD,0,2
2014091406,TEN @ DAL,0,2
2014091413,SF @ CHI,0,2
2014091413,SF @ CHI,0,2
2014091403,NO @ CLE,0,2
2014091405,NYG @ ARI,0,2
2014091407,JAC @ WAS,0,2
2014091402,ATL @ CIN,0,2
2014091413,CHI @ SF,0,2
2014091401,DET @ CAR,0,2
2014091401,DET @ CAR,1,2
2014091406,TEN @ DAL,1,2
2014091412,HOU @ OAK,1,2
2014091402,ATL @ CIN,1,2
2014091413,CHI @ SF,1,2
2014091403,CLE @ NO,1,2
2014091407,JAC @ WAS,1,2
2014091409,TB @ STL,1,2
2014091400,BUF @ MIA,1,2
2014091400,MIA @ BUF,1,2
2014091411,NYJ @ GB,0,3
2014091407,JAC @ WAS,0,3
2014091407,WAS @ JAC,0,3
2014091405,NYG @ ARI,0,3
2014091406,DAL @ TEN,0,3
2014091411,NYJ @ GB,0,3
2014091408,SEA @ SD,0,3
2014091411,GB @ NYJ,0,3
2014091408,SD @ SEA,0,3
2014091405,ARI @ NYG,0,3
2014091402,ATL @ CIN,0,3
2014091404,NE @ MIN,0,3
2014091403,CLE @ NO,0,3
2014091411,NYJ @ GB,0,3
2014091401,CAR @ DET,0,3
2014091401,DET @ CAR,1,3
2014091401,CAR @ DET,1,3
2014091405,ARI @ NYG,1,3
2014091404,MIN @ NE,1,3
2014091412,OAK @ HOU,1,3
2014091407,JAC @ WAS,1,3
2014091408,SEA @ SD,1,3
2014091411,NYJ @ GB,1,3
2014091407,JAC @ WAS,1,3
2014091405,NYG @ ARI,1,3
2014091402,CIN @ ATL,1,3
2014091406,DAL @ TEN,0,4
2014091402,CIN @ ATL,0,4
2014091402,CIN @ ATL,0,4
2014091408,SD @ SEA,0,4
2014091401,CAR @ DET,0,4
2014091403,NO @ CLE,0,4
2014091401,DET @ CAR,0,4
2014091402,ATL @ CIN,0,4
2014091400,BUF @ MIA,0,4
2014091402,CIN @ ATL,0,4
2014091408,SEA @ SD,0,4
2014091403,CLE @ NO,0,4
2014091404,MIN @ NE,0,4
2014091408,SD @ SEA,0,4
2014091405,NYG @ ARI,0,4
2014091411,NYJ @ GB,0,4
2014091404,NE @ MIN,0,4
2014091402,CIN @ ATL,0,4
2014091411,GB @ NYJ,0,4
2014091402,CIN @ ATL,0,4
2014091401,DET @ CAR,0,4
2014091400,MIA @ BUF,0,4
2014091410,DEN @ KC,0,4
2014091405,ARI @ NYG,1,4
2014091402,ATL @ CIN,1,4
2014091404,NE @ MIN,1,4
2014091411,GB @ NYJ,1,4
2014091401,CAR @ DET,1,4
2014091404,MIN @ NE,1,4
2014091500,IND @ PHI,0,1
2014091500,PHI @ IND,0,2
2014091500,PHI @ IND,0,2
2014091500,IND @ PHI,1,2
2014091500,PHI @ IND,0,3
2014091500,PHI @ IND,1,3
2014091500,IND @ PHI,1,3
2014091500,IND @ PHI,1,4
2014091500,PHI @ IND,1,4
2014091800,TB @ ATL,0,1
2014091800,TB @ ATL,0,1
2014091800,TB @ ATL,0,2
2014091800,ATL @ TB,0,2
2014091800,TB @ ATL,0,2
2014091800,TB @ ATL,0,2
2014091800,TB @ ATL,0,2
2014091800,TB @ ATL,0,3
2014091800,TB @ ATL,0,3
2014091800,ATL @ TB,0,4
2014091800,ATL @ TB,0,4
2014092104,JAC @ IND,0,1
2014092107,HOU @ NYG,0,1
2014092102,BAL @ CLE,0,1
2014092101,TEN @ CIN,0,1
2014092100,BUF @ SD,0,1
2014092113,PIT @ CAR,0,1
2014092111,MIA @ KC,0,1
2014092104,JAC @ IND,0,1
2014092103,DET @ GB,0,1
2014092113,PIT @ CAR,0,1
2014092113,PIT @ CAR,0,1
2014092103,GB @ DET,0,1
2014092103,GB @ DET,0,1
2014092105,NE @ OAK,0,1
2014092111,MIA @ KC,0,1
2014092105,OAK @ NE,0,1
2014092107,NYG @ HOU,0,1
2014092112,SEA @ DEN,0,1
2014092105,NE @ OAK,1,1
2014092112,SEA @ DEN,1,1
2014092111,MIA @ KC,1,1
2014092113,CAR @ PIT,1,1
2014092111,KC @ MIA,1,1
2014092103,GB @ DET,1,1
2014092111,KC @ MIA,1,1
2014092106,MIN @ NO,1,1
2014092103,DET @ GB,1,1
2014092100,BUF @ SD,1,1
2014092107,HOU @ NYG,10,1
2014092102,BAL @ CLE,0,2
2014092110,SF @ ARI,0,2
2014092101,TEN @ CIN,0,2
2014092113,CAR @ PIT,0,2
2014092103,GB @ DET,0,2
2014092106,MIN @ NO,0,2
2014092105,OAK @ NE,0,2
2014092102,CLE @ BAL,0,2
2014092101,CIN @ TEN,0,2
2014092104,JAC @ IND,0,2
2014092100,SD @ BUF,0,2
2014092101,TEN @ CIN,0,2
2014092109,STL @ DAL,0,2
2014092107,HOU @ NYG,0,2
2014092100,BUF @ SD,0,2
2014092101,CIN @ TEN,0,2
2014092112,SEA @ DEN,0,2
2014092104,JAC @ IND,0,2
2014092105,OAK @ NE,0,2
2014092111,KC @ MIA,0,2
2014092107,HOU @ NYG,0,2
2014092109,DAL @ STL,0,2
2014092102,CLE @ BAL,0,2
2014092113,CAR @ PIT,0,2
2014092107,HOU @ NYG,1,2
2014092106,NO @ MIN,1,2
2014092112,DEN @ SEA,1,2
2014092106,NO @ MIN,1,2
2014092110,ARI @ SF,1,2
2014092111,MIA @ KC,1,2
2014092112,DEN @ SEA,1,2
2014092107,NYG @ HOU,1,2
2014092105,OAK @ NE,1,2
2014092106,NO @ MIN,1,2
2014092112,DEN @ SEA,1,2
2014092108,PHI @ WAS,0,3
2014092111,MIA @ KC,0,3
2014092108,PHI @ WAS,0,3
2014092106,MIN @ NO,0,3
2014092111,MIA @ KC,0,3
2014092107,NYG @ HOU,0,3
2014092106,NO @ MIN,0,3
2014092105,NE @ OAK,0,3
2014092110,SF @ ARI,0,3
2014092112,DEN @ SEA,0,3
2014092104,IND @ JAC,0,3
2014092101,TEN @ CIN,0,3
2014092112,SEA @ DEN,0,3
2014092108,WAS @ PHI,0,3
2014092104,JAC @ IND,0,3
2014092110,SF @ ARI,0,3
2014092103,GB @ DET,0,3
2014092101,CIN @ TEN,0,3
2014092103,GB @ DET,1,3
2014092108,WAS @ PHI,1,3
2014092111,KC @ MIA,1,3
2014092112,DEN @ SEA,1,3
2014092112,SEA @ DEN,1,3
2014092105,NE @ OAK,1,3
2014092112,DEN @ SEA,1,3
2014092101,CIN @ TEN,0,4
2014092101,CIN @ TEN,0,4
2014092107,NYG @ HOU,0,4
2014092102,CLE @ BAL,0,4
2014092109,DAL @ STL,0,4
2014092108,PHI @ WAS,0,4
2014092100,SD @ BUF,0,4
2014092102,BAL @ CLE,0,4
2014092108,PHI @ WAS,0,4
2014092100,SD @ BUF,0,4
2014092102,CLE @ BAL,0,4
2014092104,IND @ JAC,0,4
2014092100,BUF @ SD,0,4
2014092105,OAK @ NE,0,4
2014092112,SEA @ DEN,0,4
2014092100,SD @ BUF,0,4
2014092106,MIN @ NO,0,4
2014092111,MIA @ KC,0,4
2014092113,CAR @ PIT,0,4
2014092107,HOU @ NYG,0,4
2014092100,SD @ BUF,0,4
2014092113,PIT @ CAR,0,4
2014092112,DEN @ SEA,0,4
2014092105,OAK @ NE,0,4
2014092108,WAS @ PHI,0,4
2014092111,KC @ MIA,0,4
2014092101,TEN @ CIN,0,4
2014092100,SD @ BUF,0,4
2014092112,DEN @ SEA,0,4
2014092105,NE @ OAK,1,4
2014092110,SF @ ARI,1,4
2014092108,PHI @ WAS,1,4
2014092100,BUF @ SD,1,4
2014092200,CHI @ NYJ,0,1
2014092200,CHI @ NYJ,0,1
2014092200,NYJ @ CHI,0,1
2014092200,NYJ @ CHI,0,2
2014092200,CHI @ NYJ,1,2
2014092200,CHI @ NYJ,0,3
2014092200,CHI @ NYJ,0,3
2014092200,NYJ @ CHI,0,3
2014092200,CHI @ NYJ,0,4
2014092500,NYG @ WAS,0,1
2014092500,WAS @ NYG,0,1
2014092500,NYG @ WAS,0,1
2014092500,WAS @ NYG,1,1
2014092500,NYG @ WAS,0,3
2014092500,WAS @ NYG,0,3
2014092500,WAS @ NYG,0,3
2014092500,NYG @ WAS,0,3
2014092500,NYG @ WAS,0,4
2014092500,WAS @ NYG,0,4
2014092809,PHI @ SF,0,1
2014092802,HOU @ BUF,0,1
2014092806,OAK @ MIA,0,1
2014092810,NO @ DAL,0,1
2014092800,BAL @ CAR,0,1
2014092807,TB @ PIT,0,1
2014092807,TB @ PIT,0,1
2014092802,HOU @ BUF,0,1
2014092800,CAR @ BAL,0,1
2014092802,BUF @ HOU,0,1
2014092802,BUF @ HOU,0,1
2014092803,IND @ TEN,0,1
2014092802,HOU @ BUF,0,1
2014092809,SF @ PHI,0,1
2014092808,SD @ JAC,0,1
2014092804,ATL @ MIN,0,1
2014092800,CAR @ BAL,1,1
2014092805,NYJ @ DET,1,1
2014092802,BUF @ HOU,1,1
2014092807,PIT @ TB,1,1
2014092809,PHI @ SF,1,1
2014092802,BUF @ HOU,1,1
2014092806,OAK @ MIA,0,2
2014092800,CAR @ BAL,0,2
2014092805,NYJ @ DET,0,2
2014092804,ATL @ MIN,0,2
2014092807,TB @ PIT,0,2
2014092808,JAC @ SD,0,2
2014092805,DET @ NYJ,0,2
2014092810,NO @ DAL,0,2
2014092802,BUF @ HOU,0,2
2014092808,SD @ JAC,0,2
2014092800,CAR @ BAL,0,2
2014092805,NYJ @ DET,0,2
2014092806,OAK @ MIA,0,2
2014092809,SF @ PHI,0,2
2014092806,OAK @ MIA,0,2
2014092803,IND @ TEN,0,2
2014092803,TEN @ IND,0,2
2014092809,SF @ PHI,0,2
2014092805,NYJ @ DET,0,2
2014092807,TB @ PIT,0,2
2014092805,NYJ @ DET,0,2
2014092805,NYJ @ DET,0,2
2014092806,OAK @ MIA,0,2
2014092804,ATL @ MIN,0,2
2014092805,DET @ NYJ,0,2
2014092810,DAL @ NO,0,2
2014092803,TEN @ IND,1,2
2014092809,PHI @ SF,1,2
2014092805,DET @ NYJ,1,2
2014092809,PHI @ SF,1,2
2014092806,OAK @ MIA,0,3
2014092807,PIT @ TB,0,3
2014092802,BUF @ HOU,0,3
2014092804,MIN @ ATL,0,3
2014092808,JAC @ SD,0,3
2014092809,PHI @ SF,0,3
2014092803,TEN @ IND,0,3
2014092800,BAL @ CAR,0,3
2014092804,MIN @ ATL,1,3
2014092803,TEN @ IND,1,3
2014092805,DET @ NYJ,1,3
2014092802,BUF @ HOU,1,3
2014092809,SF @ PHI,1,3
2014092807,PIT @ TB,0,4
2014092809,SF @ PHI,0,4
2014092803,IND @ TEN,0,4
2014092805,NYJ @ DET,0,4
2014092802,BUF @ HOU,0,4
2014092805,DET @ NYJ,0,4
2014092803,TEN @ IND,0,4
2014092807,PIT @ TB,0,4
2014092808,SD @ JAC,0,4
2014092810,NO @ DAL,0,4
2014092803,TEN @ IND,0,4
2014092810,DAL @ NO,0,4
2014092802,HOU @ BUF,0,4
2014092806,MIA @ OAK,0,4
2014092809,SF @ PHI,0,4
2014092810,DAL @ NO,0,4
2014092802,HOU @ BUF,0,4
2014092802,HOU @ BUF,1,4
2014092806,MIA @ OAK,1,4
2014092804,ATL @ MIN,1,4
2014092803,IND @ TEN,1,4
2014092810,DAL @ NO,1,4
2014092805,DET @ NYJ,1,4
2014092802,BUF @ HOU,1,4
2014092809,PHI @ SF,1,4
2014092802,BUF @ HOU,1,4
2014092804,ATL @ MIN,1,4
2014092802,HOU @ BUF,2,4
2014092900,KC @ NE,0,1
2014092900,NE @ KC,1,1
2014092900,NE @ KC,0,2
2014092900,NE @ KC,0,2
2014092900,NE @ KC,0,2
2014092900,KC @ NE,1,2
2014092900,KC @ NE,0,3
2014092900,NE @ KC,1,3
2014092900,NE @ KC,0,4
2014092900,KC @ NE,1,4
2014100200,GB @ MIN,0,1
2014100200,GB @ MIN,0,1
2014100200,MIN @ GB,1,1
2014100200,MIN @ GB,1,1
2014100200,MIN @ GB,1,1
2014100200,GB @ MIN,0,2
2014100200,MIN @ GB,0,2
2014100200,GB @ MIN,0,2
2014100200,MIN @ GB,0,2
2014100200,GB @ MIN,1,2
2014100200,MIN @ GB,0,3
2014100200,MIN @ GB,1,3
2014100200,GB @ MIN,0,4
2014100503,IND @ BAL,0,1
2014100510,NYJ @ SD,0,1
2014100501,HOU @ DAL,0,1
2014100509,DEN @ ARI,0,1
2014100510,SD @ NYJ,0,1
2014100503,BAL @ IND,0,1
2014100502,BUF @ DET,0,1
2014100510,NYJ @ SD,0,1
2014100502,DET @ BUF,0,1
2014100505,TB @ NO,0,1
2014100507,STL @ PHI,0,1
2014100503,IND @ BAL,0,1
2014100502,DET @ BUF,0,1
2014100500,CHI @ CAR,0,1
2014100507,STL @ PHI,0,1
2014100505,TB @ NO,0,1
2014100506,ATL @ NYG,0,1
2014100502,BUF @ DET,0,1
2014100502,BUF @ DET,0,1
2014100501,DAL @ HOU,0,1
2014100505,NO @ TB,0,1
2014100510,NYJ @ SD,0,1
2014100500,CAR @ CHI,0,1
2014100501,HOU @ DAL,0,1
2014100507,STL @ PHI,0,1
2014100500,CAR @ CHI,1,1
2014100504,JAC @ PIT,1,1
2014100512,CIN @ NE,1,1
2014100504,PIT @ JAC,1,1
2014100508,CLE @ TEN,1,1
2014100502,BUF @ DET,1,1
2014100503,BAL @ IND,1,1
2014100508,CLE @ TEN,1,1
2014100508,TEN @ CLE,1,1
2014100506,NYG @ ATL,1,1
2014100504,PIT @ JAC,1,1
2014100502,BUF @ DET,0,2
2014100502,BUF @ DET,0,2
2014100509,ARI @ DEN,0,2
2014100502,DET @ BUF,0,2
2014100509,DEN @ ARI,0,2
2014100501,HOU @ DAL,0,2
2014100501,HOU @ DAL,0,2
2014100511,KC @ SF,0,2
2014100510,NYJ @ SD,0,2
2014100504,PIT @ JAC,0,2
2014100506,ATL @ NYG,0,2
2014100512,NE @ CIN,0,2
2014100509,ARI @ DEN,0,2
2014100506,NYG @ ATL,0,2
2014100505,TB @ NO,0,2
2014100507,STL @ PHI,0,2
2014100502,DET @ BUF,1,2
2014100509,ARI @ DEN,1,2
2014100508,CLE @ TEN,1,2
2014100505,NO @ TB,1,2
2014100509,ARI @ DEN,1,2
2014100504,JAC @ PIT,1,2
2014100501,DAL @ HOU,1,2
2014100502,BUF @ DET,1,2
2014100512,CIN @ NE,1,2
2014100512,NE @ CIN,1,2
2014100509,ARI @ DEN,1,2
2014100506,ATL @ NYG,0,3
2014100511,KC @ SF,0,3
2014100508,TEN @ CLE,0,3
2014100510,NYJ @ SD,0,3
2014100510,SD @ NYJ,0,3
2014100509,DEN @ ARI,0,3
2014100511,KC @ SF,0,3
2014100503,BAL @ IND,0,3
2014100510,NYJ @ SD,0,3
2014100509,ARI @ DEN,0,3
2014100503,IND @ BAL,0,3
2014100504,PIT @ JAC,0,3
2014100506,NYG @ ATL,0,3
2014100503,BAL @ IND,0,3
2014100509,ARI @ DEN,0,3
2014100508,TEN @ CLE,0,3
2014100507,STL @ PHI,0,3
2014100506,ATL @ NYG,0,3
2014100500,CHI @ CAR,0,3
2014100506,ATL @ NYG,0,3
2014100510,NYJ @ SD,0,3
2014100504,JAC @ PIT,0,3
2014100509,ARI @ DEN,0,3
2014100507,PHI @ STL,0,3
2014100512,CIN @ NE,0,3
2014100508,TEN @ CLE,1,3
2014100511,SF @ KC,1,3
2014100501,HOU @ DAL,1,3
2014100507,PHI @ STL,1,3
2014100512,NE @ CIN,1,3
2014100501,DAL @ HOU,1,3
2014100510,SD @ NYJ,1,3
2014100509,DEN @ ARI,1,3
2014100511,SF @ KC,1,3
2014100502,BUF @ DET,0,4
2014100505,TB @ NO,0,4
2014100507,PHI @ STL,0,4
2014100502,BUF @ DET,0,4
2014100509,ARI @ DEN,0,4
2014100504,JAC @ PIT,0,4
2014100504,PIT @ JAC,0,4
2014100500,CAR @ CHI,0,4
2014100507,PHI @ STL,0,4
2014100511,KC @ SF,0,4
2014100502,DET @ BUF,0,4
2014100506,ATL @ NYG,0,4
2014100510,SD @ NYJ,0,4
2014100508,TEN @ CLE,0,4
2014100500,CAR @ CHI,0,4
2014100509,ARI @ DEN,0,4
2014100500,CHI @ CAR,0,4
2014100502,DET @ BUF,0,4
2014100503,BAL @ IND,0,4
2014100500,CAR @ CHI,0,4
2014100502,DET @ BUF,1,4
2014100501,DAL @ HOU,1,4
2014100510,SD @ NYJ,1,4
2014100508,TEN @ CLE,1,4
2014100509,ARI @ DEN,1,4
2014100500,CHI @ CAR,1,4
2014100504,JAC @ PIT,1,4
2014100501,HOU @ DAL,1,4
2014100512,CIN @ NE,1,4
2014100510,NYJ @ SD,1,4
2014100511,SF @ KC,3,4
2014100501,HOU @ DAL,0,5
2014100600,SEA @ WAS,0,1
2014100600,WAS @ SEA,0,1
2014100600,WAS @ SEA,1,1
2014100600,SEA @ WAS,0,2
2014100600,WAS @ SEA,0,2
2014100600,SEA @ WAS,0,2
2014100600,WAS @ SEA,1,2
2014100600,WAS @ SEA,1,2
2014100600,SEA @ WAS,0,3
2014100600,SEA @ WAS,0,3
2014100600,WAS @ SEA,0,3
2014100600,SEA @ WAS,0,3
2014100600,WAS @ SEA,1,3
2014100600,WAS @ SEA,1,4
2014100900,HOU @ IND,0,1
2014100900,HOU @ IND,1,1
2014100900,HOU @ IND,1,1
2014100900,IND @ HOU,0,3
2014100900,HOU @ IND,0,3
2014100900,IND @ HOU,0,3
2014100900,IND @ HOU,0,4
2014100900,IND @ HOU,0,4
2014101211,SEA @ DAL,0,1
2014101206,NYJ @ DEN,0,1
2014101206,DEN @ NYJ,0,1
2014101207,TB @ BAL,0,1
2014101209,OAK @ SD,0,1
2014101204,GB @ MIA,0,1
2014101205,DET @ MIN,0,1
2014101200,CHI @ ATL,0,1
2014101210,ARI @ WAS,0,1
2014101201,BUF @ NE,0,1
2014101209,OAK @ SD,0,1
2014101211,DAL @ SEA,0,1
2014101206,NYJ @ DEN,0,1
2014101201,NE @ BUF,0,1
2014101210,WAS @ ARI,0,1
2014101203,CLE @ PIT,0,1
2014101203,PIT @ CLE,0,1
2014101205,MIN @ DET,1,1
2014101200,ATL @ CHI,1,1
2014101203,CLE @ PIT,1,1
2014101210,WAS @ ARI,1,1
2014101209,SD @ OAK,1,1
2014101208,JAC @ TEN,1,1
2014101206,DEN @ NYJ,1,1
2014101207,TB @ BAL,1,1
2014101212,NYG @ PHI,1,1
2014101208,TEN @ JAC,1,1
2014101200,CHI @ ATL,1,1
2014101201,BUF @ NE,1,1
2014101210,ARI @ WAS,1,1
2014101201,NE @ BUF,0,2
2014101204,MIA @ GB,0,2
2014101212,NYG @ PHI,0,2
2014101201,BUF @ NE,0,2
2014101205,DET @ MIN,0,2
2014101204,GB @ MIA,0,2
2014101205,DET @ MIN,0,2
2014101203,PIT @ CLE,0,2
2014101205,MIN @ DET,0,2
2014101205,DET @ MIN,0,2
2014101212,NYG @ PHI,0,2
2014101210,WAS @ ARI,0,2
2014101206,NYJ @ DEN,0,2
2014101211,SEA @ DAL,0,2
2014101207,BAL @ TB,0,2
2014101204,GB @ MIA,0,2
2014101200,ATL @ CHI,0,2
2014101209,SD @ OAK,0,2
2014101207,TB @ BAL,0,2
2014101208,JAC @ TEN,0,2
2014101210,ARI @ WAS,0,2
2014101205,MIN @ DET,0,2
2014101201,NE @ BUF,0,2
2014101208,TEN @ JAC,0,2
2014101212,NYG @ PHI,0,2
2014101206,NYJ @ DEN,0,2
2014101200,ATL @ CHI,0,2
2014101203,PIT @ CLE,0,2
2014101203,PIT @ CLE,0,2
2014101201,BUF @ NE,0,2
2014101208,JAC @ TEN,0,2
2014101206,DEN @ NYJ,0,2
2014101212,PHI @ NYG,0,2
2014101202,CAR @ CIN,0,2
2014101210,ARI @ WAS,0,2
2014101206,DEN @ NYJ,0,2
2014101204,GB @ MIA,0,2
2014101205,MIN @ DET,0,2
2014101212,NYG @ PHI,0,2
2014101207,TB @ BAL,0,2
2014101212,PHI @ NYG,1,2
2014101203,CLE @ PIT,1,2
2014101208,JAC @ TEN,1,2
2014101201,NE @ BUF,1,2
2014101205,MIN @ DET,1,2
2014101205,DET @ MIN,1,2
2014101204,MIA @ GB,1,2
2014101212,NYG @ PHI,1,2
2014101203,PIT @ CLE,1,2
2014101201,BUF @ NE,1,2
2014101205,DET @ MIN,1,2
2014101207,TB @ BAL,1,2
2014101212,NYG @ PHI,1,2
2014101212,PHI @ NYG,0,3
2014101209,OAK @ SD,0,3
2014101200,ATL @ CHI,0,3
2014101212,NYG @ PHI,0,3
2014101206,DEN @ NYJ,0,3
2014101205,MIN @ DET,0,3
2014101206,NYJ @ DEN,0,3
2014101203,PIT @ CLE,0,3
2014101211,SEA @ DAL,0,3
2014101209,SD @ OAK,0,3
2014101207,BAL @ TB,0,3
2014101211,DAL @ SEA,0,3
2014101210,WAS @ ARI,0,3
2014101203,CLE @ PIT,0,3
2014101206,NYJ @ DEN,0,3
2014101210,WAS @ ARI,1,3
2014101206,DEN @ NYJ,1,3
2014101205,MIN @ DET,1,3
2014101202,CIN @ CAR,1,3
2014101200,CHI @ ATL,1,3
2014101212,NYG @ PHI,1,3
2014101203,PIT @ CLE,0,4
2014101210,ARI @ WAS,0,4
2014101210,ARI @ WAS,0,4
2014101206,DEN @ NYJ,0,4
2014101212,PHI @ NYG,0,4
2014101200,CHI @ ATL,0,4
2014101208,TEN @ JAC,0,4
2014101205,DET @ MIN,0,4
2014101210,ARI @ WAS,0,4
2014101209,OAK @ SD,0,4
2014101206,NYJ @ DEN,0,4
2014101212,PHI @ NYG,0,4
2014101200,CHI @ ATL,0,4
2014101210,ARI @ WAS,0,4
2014101206,DEN @ NYJ,0,4
2014101208,TEN @ JAC,0,4
2014101200,ATL @ CHI,0,4
2014101200,ATL @ CHI,0,4
2014101208,TEN @ JAC,0,4
2014101211,DAL @ SEA,0,4
2014101212,NYG @ PHI,0,4
2014101208,JAC @ TEN,0,4
2014101211,SEA @ DAL,0,4
2014101204,GB @ MIA,0,4
2014101212,PHI @ NYG,0,4
2014101212,NYG @ PHI,0,4
2014101201,BUF @ NE,0,4
2014101203,CLE @ PIT,1,4
2014101204,MIA @ GB,1,4
2014101203,CLE @ PIT,1,4
2014101208,JAC @ TEN,1,4
2014101205,DET @ MIN,1,4
2014101205,MIN @ DET,1,4
2014101203,PIT @ CLE,1,4
2014101206,DEN @ NYJ,1,4
2014101209,SD @ OAK,1,4
2014101300,SF @ STL,0,1
2014101300,STL @ SF,1,1
2014101300,STL @ SF,0,2
2014101300,STL @ SF,0,2
2014101300,SF @ STL,0,2
2014101300,SF @ STL,0,3
2014101300,STL @ SF,0,3
2014101300,STL @ SF,1,3
2014101300,SF @ STL,0,4
2014101300,SF @ STL,0,4
2014101300,STL @ SF,0,4
2014101300,STL @ SF,0,4
2014101300,STL @ SF,0,4
2014101300,STL @ SF,1,4
2014101300,SF @ STL,1,4
2014101600,NE @ NYJ,0,1
2014101600,NE @ NYJ,1,2
2014101600,NYJ @ NE,0,3
2014101600,NE @ NYJ,1,3
2014101600,NE @ NYJ,0,4
2014101600,NYJ @ NE,0,4
2014101600,NE @ NYJ,0,4
2014101600,NYJ @ NE,1,4
2014101901,BUF @ MIN,0,1
2014101904,CAR @ GB,0,1
2014101906,CLE @ JAC,0,1
2014101910,DAL @ NYG,0,1
2014101908,WAS @ TEN,0,1
2014101903,NO @ DET,0,1
2014101912,SF @ DEN,0,1
2014101902,CHI @ MIA,0,1
2014101910,NYG @ DAL,0,1
2014101906,JAC @ CLE,0,1
2014101905,CIN @ IND,0,1
2014101901,MIN @ BUF,0,1
2014101909,KC @ SD,0,1
2014101908,TEN @ WAS,0,1
2014101909,SD @ KC,0,1
2014101903,DET @ NO,0,1
2014101900,BAL @ ATL,0,1
2014101911,OAK @ ARI,0,1
2014101906,JAC @ CLE,0,1
2014101905,IND @ CIN,0,1
2014101909,KC @ SD,0,1
2014101900,ATL @ BAL,0,1
2014101903,NO @ DET,0,1
2014101903,NO @ DET,0,1
2014101901,MIN @ BUF,0,1
2014101902,MIA @ CHI,0,1
2014101905,CIN @ IND,0,1
2014101911,OAK @ ARI,0,1
2014101905,IND @ CIN,0,1
2014101907,SEA @ STL,1,1
2014101904,CAR @ GB,1,1
2014101906,CLE @ JAC,1,1
2014101905,CIN @ IND,1,1
2014101904,CAR @ GB,1,1
2014101910,NYG @ DAL,1,1
2014101902,CHI @ MIA,1,1
2014101906,CLE @ JAC,1,1
2014101910,DAL @ NYG,1,1
2014101907,STL @ SEA,1,1
2014101903,DET @ NO,1,1
2014101909,SD @ KC,1,1
2014101912,SF @ DEN,1,1
2014101900,ATL @ BAL,1,1
2014101902,MIA @ CHI,0,2
2014101911,ARI @ OAK,0,2
2014101902,MIA @ CHI,0,2
2014101909,KC @ SD,0,2
2014101900,ATL @ BAL,0,2
2014101903,DET @ NO,0,2
2014101905,CIN @ IND,0,2
2014101904,GB @ CAR,0,2
2014101909,SD @ KC,0,2
2014101901,MIN @ BUF,0,2
2014101903,NO @ DET,0,2
2014101905,CIN @ IND,0,2
2014101907,SEA @ STL,0,2
2014101908,TEN @ WAS,0,2
2014101905,CIN @ IND,0,2
2014101907,SEA @ STL,0,2
2014101911,OAK @ ARI,0,2
2014101900,BAL @ ATL,0,2
2014101901,BUF @ MIN,0,2
2014101906,JAC @ CLE,0,2
2014101911,ARI @ OAK,0,2
2014101903,DET @ NO,0,2
2014101904,CAR @ GB,0,2
2014101904,CAR @ GB,0,2
2014101905,CIN @ IND,0,2
2014101906,CLE @ JAC,0,2
2014101911,OAK @ ARI,0,2
2014101906,JAC @ CLE,0,2
2014101912,DEN @ SF,0,2
2014101905,CIN @ IND,0,2
2014101910,DAL @ NYG,1,2
2014101905,IND @ CIN,1,2
2014101910,NYG @ DAL,1,2
2014101905,IND @ CIN,1,2
2014101904,CAR @ GB,1,2
2014101902,CHI @ MIA,1,2
2014101905,IND @ CIN,1,2
2014101900,ATL @ BAL,1,2
2014101900,ATL @ BAL,1,2
2014101909,SD @ KC,1,2
2014101908,TEN @ WAS,1,2
2014101904,GB @ CAR,1,2
2014101911,OAK @ ARI,0,3
2014101908,WAS @ TEN,0,3
2014101910,NYG @ DAL,0,3
2014101903,DET @ NO,0,3
2014101901,MIN @ BUF,0,3
2014101903,NO @ DET,0,3
2014101905,CIN @ IND,0,3
2014101904,GB @ CAR,0,3
2014101908,TEN @ WAS,0,3
2014101906,JAC @ CLE,0,3
2014101905,IND @ CIN,0,3
2014101909,SD @ KC,0,3
2014101904,CAR @ GB,0,3
2014101905,CIN @ IND,0,3
2014101912,SF @ DEN,0,3
2014101910,NYG @ DAL,0,3
2014101912,SF @ DEN,0,3
2014101901,MIN @ BUF,0,3
2014101907,STL @ SEA,0,3
2014101911,ARI @ OAK,0,3
2014101907,SEA @ STL,0,3
2014101901,BUF @ MIN,0,3
2014101912,DEN @ SF,0,3
2014101908,TEN @ WAS,0,3
2014101905,CIN @ IND,0,3
2014101901,BUF @ MIN,1,3
2014101906,CLE @ JAC,1,3
2014101906,CLE @ JAC,1,3
2014101906,JAC @ CLE,1,3
2014101901,MIN @ BUF,0,4
2014101908,TEN @ WAS,0,4
2014101900,BAL @ ATL,0,4
2014101904,CAR @ GB,0,4
2014101908,WAS @ TEN,0,4
2014101904,CAR @ GB,0,4
2014101909,KC @ SD,0,4
2014101906,JAC @ CLE,0,4
2014101901,BUF @ MIN,0,4
2014101904,GB @ CAR,0,4
2014101906,CLE @ JAC,0,4
2014101900,BAL @ ATL,0,4
2014101900,BAL @ ATL,0,4
2014101900,BAL @ ATL,0,4
2014101906,JAC @ CLE,0,4
2014101912,DEN @ SF,0,4
2014101910,DAL @ NYG,0,4
2014101910,DAL @ NYG,0,4
2014101907,STL @ SEA,0,4
2014101912,DEN @ SF,1,4
2014101904,GB @ CAR,1,4
2014101911,OAK @ ARI,1,4
2014101911,ARI @ OAK,1,4
2014101912,SF @ DEN,1,4
2014101907,STL @ SEA,18,4
2014102000,PIT @ HOU,0,1
2014102000,HOU @ PIT,1,2
2014102000,PIT @ HOU,1,2
2014102000,HOU @ PIT,0,3
2014102000,PIT @ HOU,0,3
2014102000,HOU @ PIT,0,3
2014102000,HOU @ PIT,7,3
2014102000,PIT @ HOU,0,4
2014102300,DEN @ SD,0,1
2014102300,SD @ DEN,0,1
2014102300,DEN @ SD,0,1
2014102300,SD @ DEN,1,1
2014102300,DEN @ SD,0,2
2014102300,SD @ DEN,0,2
2014102300,SD @ DEN,1,3
2014102300,DEN @ SD,1,4
2014102607,TB @ MIN,0,1
2014102608,TEN @ HOU,0,1
2014102601,SEA @ CAR,0,1
2014102603,JAC @ MIA,0,1
2014102604,KC @ STL,0,1
2014102606,BUF @ NYJ,0,1
2014102611,IND @ PIT,0,1
2014102610,OAK @ CLE,0,1
2014102605,CHI @ NE,0,1
2014102606,BUF @ NYJ,0,1
2014102606,BUF @ NYJ,0,1
2014102608,HOU @ TEN,0,1
2014102609,ARI @ PHI,0,1
2014102601,SEA @ CAR,0,1
2014102610,OAK @ CLE,1,1
2014102604,STL @ KC,1,1
2014102603,MIA @ JAC,1,1
2014102600,DET @ ATL,1,1
2014102604,KC @ STL,1,1
2014102603,MIA @ JAC,1,1
2014102608,HOU @ TEN,1,1
2014102605,CHI @ NE,1,1
2014102606,NYJ @ BUF,1,1
2014102609,PHI @ ARI,1,1
2014102609,PHI @ ARI,0,2
2014102602,CIN @ BAL,0,2
2014102606,BUF @ NYJ,0,2
2014102607,TB @ MIN,0,2
2014102605,CHI @ NE,0,2
2014102609,ARI @ PHI,0,2
2014102607,MIN @ TB,0,2
2014102609,PHI @ ARI,0,2
2014102607,TB @ MIN,0,2
2014102608,HOU @ TEN,0,2
2014102607,TB @ MIN,0,2
2014102607,MIN @ TB,0,2
2014102603,MIA @ JAC,0,2
2014102609,ARI @ PHI,0,2
2014102608,TEN @ HOU,0,2
2014102604,STL @ KC,0,2
2014102609,ARI @ PHI,0,2
2014102607,MIN @ TB,0,2
2014102600,DET @ ATL,0,2
2014102606,NYJ @ BUF,0,2
2014102610,OAK @ CLE,0,2
2014102600,ATL @ DET,0,2
2014102607,TB @ MIN,0,2
2014102600,DET @ ATL,0,2
2014102608,TEN @ HOU,0,2
2014102607,MIN @ TB,0,2
2014102608,HOU @ TEN,0,2
2014102610,CLE @ OAK,0,2
2014102610,CLE @ OAK,1,2
2014102608,TEN @ HOU,1,2
2014102602,CIN @ BAL,1,2
2014102603,MIA @ JAC,1,2
2014102607,TB @ MIN,1,2
2014102611,IND @ PIT,1,2
2014102606,BUF @ NYJ,1,2
2014102605,CHI @ NE,1,2
2014102602,CIN @ BAL,1,2
2014102607,MIN @ TB,0,3
2014102604,STL @ KC,0,3
2014102609,ARI @ PHI,0,3
2014102604,KC @ STL,0,3
2014102601,CAR @ SEA,0,3
2014102606,BUF @ NYJ,0,3
2014102603,JAC @ MIA,0,3
2014102600,ATL @ DET,0,3
2014102610,CLE @ OAK,0,3
2014102606,NYJ @ BUF,0,3
2014102610,OAK @ CLE,0,3
2014102609,ARI @ PHI,0,3
2014102608,TEN @ HOU,0,3
2014102606,NYJ @ BUF,0,3
2014102607,TB @ MIN,0,3
2014102610,CLE @ OAK,0,3
2014102609,PHI @ ARI,0,3
2014102607,MIN @ TB,0,3
2014102610,OAK @ CLE,0,3
2014102603,MIA @ JAC,0,3
2014102606,BUF @ NYJ,0,3
2014102604,STL @ KC,0,3
2014102603,JAC @ MIA,1,3
2014102607,TB @ MIN,1,3
2014102605,NE @ CHI,1,3
2014102609,PHI @ ARI,1,3
2014102609,ARI @ PHI,1,3
2014102611,PIT @ IND,1,3
2014102604,STL @ KC,1,3
2014102603,MIA @ JAC,1,3
2014102611,IND @ PIT,1,3
2014102610,CLE @ OAK,1,3
2014102611,PIT @ IND,0,4
2014102600,ATL @ DET,0,4
2014102608,HOU @ TEN,0,4
2014102610,OAK @ CLE,0,4
2014102601,SEA @ CAR,0,4
2014102607,MIN @ TB,0,4
2014102610,OAK @ CLE,0,4
2014102600,ATL @ DET,0,4
2014102606,NYJ @ BUF,0,4
2014102609,ARI @ PHI,0,4
2014102601,CAR @ SEA,0,4
2014102604,STL @ KC,0,4
2014102609,PHI @ ARI,0,4
2014102604,KC @ STL,1,4
2014102608,HOU @ TEN,1,4
2014102610,CLE @ OAK,1,4
2014102608,TEN @ HOU,1,4
2014102607,MIN @ TB,1,4
2014102610,CLE @ OAK,1,4
2014102603,JAC @ MIA,1,4
2014102602,BAL @ CIN,1,4
2014102700,DAL @ WAS,0,1
2014102700,WAS @ DAL,1,1
2014102700,DAL @ WAS,1,1
2014102700,WAS @ DAL,0,2
2014102700,WAS @ DAL,0,2
2014102700,DAL @ WAS,0,3
2014102700,WAS @ DAL,1,3
2014102700,WAS @ DAL,0,4
2014102700,DAL @ WAS,1,4
2014103000,CAR @ NO,0,1
2014103000,CAR @ NO,0,1
2014103000,CAR @ NO,0,2
2014103000,NO @ CAR,0,2
2014103000,CAR @ NO,0,2
2014103000,NO @ CAR,0,2
2014103000,NO @ CAR,0,2
2014103000,NO @ CAR,0,3
2014103000,CAR @ NO,1,3
2014103000,CAR @ NO,0,4
2014110209,SEA @ OAK,0,1
2014110206,MIN @ WAS,0,1
2014110201,CLE @ TB,0,1
2014110210,BAL @ PIT,0,1
2014110209,OAK @ SEA,0,1
2014110203,HOU @ PHI,0,1
2014110210,PIT @ BAL,0,1
2014110200,CIN @ JAC,0,1
2014110207,SF @ STL,0,1
2014110204,NYJ @ KC,0,1
2014110210,BAL @ PIT,0,1
2014110202,ARI @ DAL,0,1
2014110208,DEN @ NE,0,1
2014110207,STL @ SF,0,1
2014110208,NE @ DEN,0,1
2014110200,CIN @ JAC,0,1
2014110210,BAL @ PIT,0,1
2014110203,HOU @ PHI,0,1
2014110208,DEN @ NE,0,1
2014110206,MIN @ WAS,0,1
2014110203,PHI @ HOU,0,1
2014110204,NYJ @ KC,1,1
2014110210,PIT @ BAL,1,1
2014110200,JAC @ CIN,1,1
2014110210,PIT @ BAL,1,1
2014110200,JAC @ CIN,1,1
2014110200,JAC @ CIN,0,2
2014110205,SD @ MIA,0,2
2014110200,CIN @ JAC,0,2
2014110207,STL @ SF,0,2
2014110200,JAC @ CIN,0,2
2014110206,WAS @ MIN,0,2
2014110209,OAK @ SEA,0,2
2014110209,SEA @ OAK,0,2
2014110207,SF @ STL,0,2
2014110208,NE @ DEN,0,2
2014110201,CLE @ TB,0,2
2014110202,DAL @ ARI,0,2
2014110203,HOU @ PHI,0,2
2014110206,WAS @ MIN,0,2
2014110202,ARI @ DAL,0,2
2014110200,JAC @ CIN,0,2
2014110204,KC @ NYJ,0,2
2014110210,PIT @ BAL,0,2
2014110204,NYJ @ KC,0,2
2014110203,PHI @ HOU,0,2
2014110206,MIN @ WAS,1,2
2014110205,SD @ MIA,1,2
2014110209,OAK @ SEA,1,2
2014110202,DAL @ ARI,1,2
2014110206,MIN @ WAS,1,2
2014110203,HOU @ PHI,1,2
2014110207,SF @ STL,1,2
2014110205,SD @ MIA,1,2
2014110205,SD @ MIA,0,3
2014110207,SF @ STL,0,3
2014110205,SD @ MIA,0,3
2014110201,CLE @ TB,0,3
2014110203,HOU @ PHI,0,3
2014110210,BAL @ PIT,0,3
2014110205,MIA @ SD,0,3
2014110202,ARI @ DAL,0,3
2014110201,CLE @ TB,0,3
2014110201,TB @ CLE,0,3
2014110206,MIN @ WAS,0,3
2014110210,PIT @ BAL,0,3
2014110207,STL @ SF,0,3
2014110203,PHI @ HOU,0,3
2014110210,BAL @ PIT,0,3
2014110209,SEA @ OAK,0,3
2014110203,HOU @ PHI,0,3
2014110207,STL @ SF,0,3
2014110206,WAS @ MIN,0,3
2014110206,WAS @ MIN,0,3
2014110209,SEA @ OAK,0,3
2014110202,DAL @ ARI,0,3
2014110200,CIN @ JAC,1,3
2014110200,JAC @ CIN,1,3
2014110209,SEA @ OAK,1,3
2014110209,OAK @ SEA,1,3
2014110207,SF @ STL,1,3
2014110210,PIT @ BAL,1,3
2014110202,ARI @ DAL,1,3
2014110204,NYJ @ KC,1,3
2014110206,MIN @ WAS,0,4
2014110200,CIN @ JAC,0,4
2014110208,NE @ DEN,0,4
2014110204,KC @ NYJ,0,4
2014110201,CLE @ TB,0,4
2014110207,STL @ SF,0,4
2014110204,KC @ NYJ,0,4
2014110208,NE @ DEN,0,4
2014110208,NE @ DEN,0,4
2014110201,TB @ CLE,0,4
2014110210,BAL @ PIT,0,4
2014110209,OAK @ SEA,0,4
2014110207,SF @ STL,0,4
2014110207,SF @ STL,0,4
2014110201,TB @ CLE,0,4
2014110207,STL @ SF,0,4
2014110204,KC @ NYJ,0,4
2014110208,NE @ DEN,0,4
2014110205,MIA @ SD,0,4
2014110202,DAL @ ARI,0,4
2014110201,TB @ CLE,0,4
2014110200,CIN @ JAC,1,4
2014110207,SF @ STL,1,4
2014110209,SEA @ OAK,1,4
2014110205,SD @ MIA,1,4
2014110202,ARI @ DAL,1,4
2014110209,OAK @ SEA,1,4
2014110200,JAC @ CIN,1,4
2014110300,IND @ NYG,0,1
2014110300,NYG @ IND,0,1
2014110300,IND @ NYG,0,1
2014110300,NYG @ IND,0,1
2014110300,NYG @ IND,0,1
2014110300,NYG @ IND,0,2
2014110300,NYG @ IND,0,2
2014110300,NYG @ IND,0,2
2014110300,NYG @ IND,1,2
2014110300,IND @ NYG,1,2
2014110300,NYG @ IND,1,3
2014110300,IND @ NYG,0,4
2014110300,IND @ NYG,0,4
2014110300,IND @ NYG,0,4
2014110300,IND @ NYG,0,4
2014110600,CIN @ CLE,0,1
2014110600,CLE @ CIN,0,1
2014110600,CIN @ CLE,0,1
2014110600,CIN @ CLE,0,2
2014110600,CIN @ CLE,0,2
2014110600,CLE @ CIN,1,2
2014110600,CIN @ CLE,1,2
2014110600,CLE @ CIN,1,2
2014110600,CIN @ CLE,0,3
2014110600,CIN @ CLE,0,3
2014110600,CLE @ CIN,1,3
2014110600,CIN @ CLE,0,4
2014110600,CLE @ CIN,0,4
2014110600,CLE @ CIN,0,4
2014110600,CLE @ CIN,1,4
2014110908,STL @ ARI,0,1
2014110902,DET @ MIA,0,1
2014110901,KC @ BUF,0,1
2014110909,SEA @ NYG,0,1
2014110902,MIA @ DET,0,1
2014110901,BUF @ KC,0,1
2014110903,DAL @ JAC,0,1
2014110900,BAL @ TEN,0,1
2014110909,NYG @ SEA,0,1
2014110908,ARI @ STL,0,1
2014110908,STL @ ARI,0,1
2014110908,ARI @ STL,0,1
2014110910,CHI @ GB,0,1
2014110908,STL @ ARI,0,1
2014110910,CHI @ GB,1,1
2014110903,JAC @ DAL,1,1
2014110908,ARI @ STL,1,1
2014110907,OAK @ DEN,1,1
2014110905,PIT @ NYJ,1,1
2014110902,MIA @ DET,1,1
2014110904,NO @ SF,1,1
2014110901,KC @ BUF,1,1
2014110909,NYG @ SEA,1,1
2014110902,DET @ MIA,24,1
2014110907,OAK @ DEN,0,2
2014110903,JAC @ DAL,0,2
2014110908,ARI @ STL,0,2
2014110901,BUF @ KC,0,2
2014110900,BAL @ TEN,0,2
2014110907,OAK @ DEN,0,2
2014110904,SF @ NO,0,2
2014110905,NYJ @ PIT,0,2
2014110900,TEN @ BAL,0,2
2014110906,ATL @ TB,0,2
2014110904,NO @ SF,0,2
2014110900,BAL @ TEN,0,2
2014110901,KC @ BUF,0,2
2014110903,DAL @ JAC,0,2
2014110906,TB @ ATL,0,2
2014110900,TEN @ BAL,0,2
2014110907,DEN @ OAK,0,2
2014110907,OAK @ DEN,0,2
2014110907,DEN @ OAK,0,2
2014110908,STL @ ARI,0,2
2014110909,NYG @ SEA,0,2
2014110900,TEN @ BAL,0,2
2014110904,SF @ NO,0,2
2014110907,OAK @ DEN,0,2
2014110900,BAL @ TEN,0,2
2014110902,MIA @ DET,0,2
2014110906,TB @ ATL,0,2
2014110901,BUF @ KC,0,2
2014110900,TEN @ BAL,1,2
2014110904,NO @ SF,1,2
2014110903,JAC @ DAL,1,2
2014110903,JAC @ DAL,1,2
2014110901,BUF @ KC,1,2
2014110903,DAL @ JAC,1,2
2014110901,KC @ BUF,1,2
2014110902,MIA @ DET,1,2
2014110910,CHI @ GB,1,2
2014110902,DET @ MIA,3,2
2014110907,OAK @ DEN,0,3
2014110910,GB @ CHI,0,3
2014110903,JAC @ DAL,0,3
2014110900,BAL @ TEN,0,3
2014110908,STL @ ARI,0,3
2014110900,BAL @ TEN,0,3
2014110910,CHI @ GB,0,3
2014110906,ATL @ TB,0,3
2014110900,TEN @ BAL,0,3
2014110904,SF @ NO,0,3
2014110909,NYG @ SEA,0,3
2014110909,NYG @ SEA,0,3
2014110904,NO @ SF,0,3
2014110905,PIT @ NYJ,0,3
2014110905,NYJ @ PIT,0,3
2014110908,STL @ ARI,0,3
2014110903,JAC @ DAL,0,3
2014110907,OAK @ DEN,0,3
2014110902,DET @ MIA,0,3
2014110900,TEN @ BAL,0,3
2014110904,SF @ NO,0,3
2014110908,ARI @ STL,0,3
2014110900,BAL @ TEN,0,3
2014110910,GB @ CHI,0,3
2014110900,TEN @ BAL,1,3
2014110904,SF @ NO,1,3
2014110906,ATL @ TB,1,3
2014110901,KC @ BUF,1,3
2014110906,ATL @ TB,0,4
2014110905,NYJ @ PIT,0,4
2014110902,DET @ MIA,0,4
2014110905,NYJ @ PIT,0,4
2014110907,DEN @ OAK,0,4
2014110900,BAL @ TEN,0,4
2014110908,ARI @ STL,0,4
2014110901,BUF @ KC,0,4
2014110906,TB @ ATL,0,4
2014110904,SF @ NO,0,4
2014110907,DEN @ OAK,0,4
2014110903,DAL @ JAC,0,4
2014110908,STL @ ARI,0,4
2014110901,KC @ BUF,0,4
2014110900,TEN @ BAL,0,4
2014110907,OAK @ DEN,0,4
2014110907,DEN @ OAK,0,4
2014110901,KC @ BUF,1,4
2014110902,MIA @ DET,1,4
2014110903,DAL @ JAC,1,4
2014110901,KC @ BUF,1,4
2014110907,OAK @ DEN,1,4
2014110910,GB @ CHI,1,4
2014110909,NYG @ SEA,1,4
2014110901,BUF @ KC,1,4
2014110904,NO @ SF,1,4
2014110905,NYJ @ PIT,1,4
2014110903,DAL @ JAC,1,4
2014110904,SF @ NO,0,5
2014110904,NO @ SF,0,5
2014110904,NO @ SF,0,5
2014111000,CAR @ PHI,0,1
2014111000,CAR @ PHI,0,1
2014111000,PHI @ CAR,0,1
2014111000,PHI @ CAR,0,2
2014111000,CAR @ PHI,0,2
2014111000,PHI @ CAR,0,3
2014111000,PHI @ CAR,0,3
2014111000,PHI @ CAR,0,3
2014111000,CAR @ PHI,1,3
2014111000,CAR @ PHI,1,3
2014111000,CAR @ PHI,0,4
2014111000,CAR @ PHI,0,4
2014111000,PHI @ CAR,1,4
2014111000,PHI @ CAR,1,4
2014111300,MIA @ BUF,0,2
2014111300,BUF @ MIA,0,3
2014111300,MIA @ BUF,1,3
2014111300,MIA @ BUF,0,4
2014111300,MIA @ BUF,0,4
2014111300,BUF @ MIA,0,4
2014111603,PHI @ GB,0,1
2014111609,SD @ OAK,0,1
2014111607,STL @ DEN,0,1
2014111608,TB @ WAS,0,1
2014111608,WAS @ TB,0,1
2014111600,ATL @ CAR,0,1
2014111603,PHI @ GB,0,1
2014111609,SD @ OAK,0,1
2014111602,CLE @ HOU,0,1
2014111611,IND @ NE,0,1
2014111604,SEA @ KC,0,1
2014111602,HOU @ CLE,0,1
2014111606,NYG @ SF,1,1
2014111609,OAK @ SD,1,1
2014111607,DEN @ STL,1,1
2014111610,DET @ ARI,1,1
2014111609,OAK @ SD,1,1
2014111600,ATL @ CAR,1,1
2014111601,MIN @ CHI,48,1
2014111606,NYG @ SF,0,2
2014111607,STL @ DEN,0,2
2014111608,TB @ WAS,0,2
2014111600,CAR @ ATL,0,2
2014111606,SF @ NYG,0,2
2014111611,IND @ NE,0,2
2014111610,DET @ ARI,0,2
2014111600,ATL @ CAR,0,2
2014111601,MIN @ CHI,0,2
2014111610,ARI @ DET,0,2
2014111600,CAR @ ATL,0,2
2014111601,CHI @ MIN,0,2
2014111602,HOU @ CLE,0,2
2014111603,PHI @ GB,0,2
2014111610,DET @ ARI,0,2
2014111609,OAK @ SD,0,2
2014111602,CLE @ HOU,0,2
2014111607,DEN @ STL,0,2
2014111609,SD @ OAK,0,2
2014111601,MIN @ CHI,0,2
2014111602,HOU @ CLE,0,2
2014111611,NE @ IND,0,2
2014111602,CLE @ HOU,0,2
2014111602,CLE @ HOU,0,2
2014111607,STL @ DEN,0,2
2014111609,OAK @ SD,0,2
2014111608,WAS @ TB,0,2
2014111602,CLE @ HOU,0,2
2014111609,SD @ OAK,0,2
2014111607,DEN @ STL,0,2
2014111601,MIN @ CHI,1,2
2014111605,NO @ CIN,1,2
2014111608,TB @ WAS,1,2
2014111609,OAK @ SD,1,2
2014111611,IND @ NE,1,2
2014111610,DET @ ARI,0,3
2014111600,CAR @ ATL,0,3
2014111608,WAS @ TB,0,3
2014111610,ARI @ DET,0,3
2014111604,SEA @ KC,0,3
2014111609,SD @ OAK,0,3
2014111600,CAR @ ATL,0,3
2014111607,DEN @ STL,0,3
2014111610,ARI @ DET,0,3
2014111602,CLE @ HOU,0,3
2014111607,STL @ DEN,0,3
2014111605,NO @ CIN,0,3
2014111600,CAR @ ATL,0,3
2014111609,OAK @ SD,0,3
2014111610,DET @ ARI,0,3
2014111608,TB @ WAS,0,3
2014111603,PHI @ GB,0,3
2014111607,DEN @ STL,0,3
2014111607,DEN @ STL,0,3
2014111605,CIN @ NO,0,3
2014111602,HOU @ CLE,1,3
2014111602,CLE @ HOU,1,3
2014111609,OAK @ SD,1,3
2014111601,MIN @ CHI,1,3
2014111603,GB @ PHI,1,3
2014111606,NYG @ SF,1,3
2014111609,SD @ OAK,1,3
2014111602,CLE @ HOU,1,3
2014111600,ATL @ CAR,0,4
2014111607,STL @ DEN,0,4
2014111609,SD @ OAK,0,4
2014111609,SD @ OAK,0,4
2014111601,CHI @ MIN,0,4
2014111610,DET @ ARI,0,4
2014111604,KC @ SEA,0,4
2014111603,GB @ PHI,0,4
2014111605,CIN @ NO,0,4
2014111608,TB @ WAS,0,4
2014111610,ARI @ DET,0,4
2014111602,HOU @ CLE,0,4
2014111605,NO @ CIN,0,4
2014111609,OAK @ SD,0,4
2014111608,WAS @ TB,0,4
2014111609,SD @ OAK,0,4
2014111610,ARI @ DET,0,4
2014111600,CAR @ ATL,0,4
2014111606,SF @ NYG,0,4
2014111609,OAK @ SD,0,4
2014111606,SF @ NYG,1,4
2014111604,KC @ SEA,1,4
2014111609,SD @ OAK,1,4
2014111606,SF @ NYG,1,4
2014111607,STL @ DEN,1,4
2014111600,ATL @ CAR,1,4
2014111600,ATL @ CAR,1,4
2014111600,ATL @ CAR,1,4
2014111700,TEN @ PIT,0,2
2014111700,PIT @ TEN,1,2
2014111700,PIT @ TEN,0,3
2014111700,TEN @ PIT,0,3
2014111700,TEN @ PIT,0,4
2014111700,TEN @ PIT,0,4
2014112000,KC @ OAK,0,1
2014112000,KC @ OAK,0,1
2014112000,OAK @ KC,0,1
2014112000,KC @ OAK,0,1
2014112000,OAK @ KC,1,1
2014112000,KC @ OAK,0,2
2014112000,KC @ OAK,0,2
2014112000,KC @ OAK,0,2
2014112000,KC @ OAK,1,2
2014112000,OAK @ KC,1,2
2014112000,KC @ OAK,0,3
2014112000,OAK @ KC,0,3
2014112000,OAK @ KC,1,4
2014112000,OAK @ KC,1,4
2014112303,HOU @ CIN,0,1
2014112307,TEN @ PHI,0,1
2014112311,WAS @ SF,0,1
2014112310,MIA @ DEN,0,1
2014112311,SF @ WAS,0,1
2014112302,CHI @ TB,0,1
2014112309,SEA @ ARI,0,1
2014112301,BUF @ NYJ,0,1
2014112301,NYJ @ BUF,0,1
2014112305,GB @ MIN,0,1
2014112303,HOU @ CIN,0,1
2014112304,JAC @ IND,0,1
2014112311,WAS @ SF,0,1
2014112305,MIN @ GB,0,1
2014112303,CIN @ HOU,0,1
2014112308,SD @ STL,0,1
2014112300,ATL @ CLE,0,1
2014112302,CHI @ TB,0,1
2014112301,NYJ @ BUF,0,1
2014112312,DAL @ NYG,0,1
2014112309,ARI @ SEA,1,1
2014112311,WAS @ SF,1,1
2014112310,DEN @ MIA,1,1
2014112304,IND @ JAC,1,1
2014112305,MIN @ GB,1,1
2014112306,DET @ NE,1,1
2014112307,TEN @ PHI,1,1
2014112307,PHI @ TEN,1,1
2014112306,DET @ NE,1,1
2014112307,TEN @ PHI,1,1
2014112306,NE @ DET,1,1
2014112300,CLE @ ATL,1,1
2014112305,GB @ MIN,1,1
2014112309,ARI @ SEA,1,1
2014112311,WAS @ SF,1,1
2014112307,TEN @ PHI,1,1
2014112308,STL @ SD,0,2
2014112302,CHI @ TB,0,2
2014112308,SD @ STL,0,2
2014112302,TB @ CHI,0,2
2014112304,JAC @ IND,0,2
2014112304,IND @ JAC,0,2
2014112302,CHI @ TB,0,2
2014112301,NYJ @ BUF,0,2
2014112300,ATL @ CLE,0,2
2014112302,TB @ CHI,0,2
2014112306,DET @ NE,0,2
2014112309,ARI @ SEA,0,2
2014112305,GB @ MIN,0,2
2014112304,JAC @ IND,0,2
2014112311,SF @ WAS,0,2
2014112302,CHI @ TB,0,2
2014112311,WAS @ SF,0,2
2014112301,BUF @ NYJ,0,2
2014112312,NYG @ DAL,1,2
2014112312,DAL @ NYG,1,2
2014112304,JAC @ IND,1,2
2014112303,CIN @ HOU,1,2
2014112308,SD @ STL,1,2
2014112302,TB @ CHI,1,2
2014112301,NYJ @ BUF,1,2
2014112308,STL @ SD,0,3
2014112301,NYJ @ BUF,0,3
2014112306,NE @ DET,0,3
2014112310,MIA @ DEN,0,3
2014112304,JAC @ IND,0,3
2014112306,DET @ NE,0,3
2014112311,SF @ WAS,0,3
2014112300,ATL @ CLE,0,3
2014112303,CIN @ HOU,0,3
2014112309,ARI @ SEA,0,3
2014112300,ATL @ CLE,0,3
2014112304,JAC @ IND,0,3
2014112308,STL @ SD,0,3
2014112301,NYJ @ BUF,0,3
2014112306,DET @ NE,0,3
2014112305,GB @ MIN,0,3
2014112312,NYG @ DAL,0,3
2014112302,TB @ CHI,0,3
2014112312,DAL @ NYG,0,3
2014112309,ARI @ SEA,0,3
2014112311,WAS @ SF,0,3
2014112308,STL @ SD,0,3
2014112309,SEA @ ARI,0,3
2014112301,BUF @ NYJ,1,3
2014112302,CHI @ TB,1,3
2014112307,TEN @ PHI,1,3
2014112311,WAS @ SF,1,3
2014112303,HOU @ CIN,1,3
2014112305,MIN @ GB,1,3
2014112312,NYG @ DAL,1,3
2014112304,JAC @ IND,1,3
2014112311,SF @ WAS,1,3
2014112302,TB @ CHI,1,3
2014112302,CHI @ TB,0,4
2014112307,PHI @ TEN,0,4
2014112301,BUF @ NYJ,0,4
2014112311,SF @ WAS,0,4
2014112308,SD @ STL,0,4
2014112311,WAS @ SF,0,4
2014112301,NYJ @ BUF,0,4
2014112302,CHI @ TB,0,4
2014112302,CHI @ TB,0,4
2014112300,ATL @ CLE,0,4
2014112303,HOU @ CIN,0,4
2014112303,CIN @ HOU,0,4
2014112309,ARI @ SEA,0,4
2014112306,NE @ DET,0,4
2014112302,CHI @ TB,0,4
2014112303,HOU @ CIN,0,4
2014112309,SEA @ ARI,0,4
2014112312,DAL @ NYG,0,4
2014112301,NYJ @ BUF,0,4
2014112311,WAS @ SF,0,4
2014112304,IND @ JAC,0,4
2014112302,TB @ CHI,0,4
2014112310,MIA @ DEN,0,4
2014112309,ARI @ SEA,0,4
2014112302,CHI @ TB,0,4
2014112306,NE @ DET,0,4
2014112311,SF @ WAS,0,4
2014112307,PHI @ TEN,1,4
2014112307,PHI @ TEN,1,4
2014112304,JAC @ IND,1,4
2014112312,NYG @ DAL,1,4
2014112307,TEN @ PHI,1,4
2014112305,MIN @ GB,1,4
2014112308,STL @ SD,19,4
2014112400,BAL @ NO,0,1
2014112400,NO @ BAL,0,1
2014112400,BAL @ NO,1,2
2014112400,NO @ BAL,1,2
2014112400,NO @ BAL,0,3
2014112700,CHI @ DET,0,1
2014112701,DAL @ PHI,0,1
2014112702,SEA @ SF,0,1
2014112702,SF @ SEA,1,1
2014112702,SEA @ SF,1,1
2014112702,SF @ SEA,1,1
2014112700,DET @ CHI,1,1
2014112702,SEA @ SF,0,2
2014112700,CHI @ DET,0,2
2014112702,SF @ SEA,0,2
2014112700,CHI @ DET,0,2
2014112701,PHI @ DAL,0,2
2014112702,SF @ SEA,0,2
2014112702,SF @ SEA,0,2
2014112701,DAL @ PHI,1,2
2014112702,SF @ SEA,1,2
2014112701,DAL @ PHI,1,2
2014112702,SF @ SEA,1,2
2014112700,CHI @ DET,0,3
2014112701,DAL @ PHI,0,3
2014112700,DET @ CHI,1,3
2014112701,PHI @ DAL,0,4
2014112700,CHI @ DET,0,4
2014112701,DAL @ PHI,0,4
2014112701,PHI @ DAL,0,4
2014112700,DET @ CHI,0,4
2014112700,CHI @ DET,1,4
2014113002,TEN @ HOU,0,1
2014113011,KC @ DEN,0,1
2014113010,NE @ GB,0,1
2014113003,WAS @ IND,0,1
2014113009,ARI @ ATL,0,1
2014113006,NO @ PIT,0,1
2014113008,TB @ CIN,0,1
2014113005,CAR @ MIN,0,1
2014113010,NE @ GB,0,1
2014113006,NO @ PIT,0,1
2014113004,JAC @ NYG,0,1
2014113003,WAS @ IND,0,1
2014113008,CIN @ TB,0,1
2014113007,OAK @ STL,0,1
2014113009,ARI @ ATL,0,1
2014113001,BUF @ CLE,0,1
2014113006,PIT @ NO,0,1
2014113005,CAR @ MIN,0,1
2014113011,KC @ DEN,0,1
2014113011,KC @ DEN,1,1
2014113003,IND @ WAS,1,1
2014113001,CLE @ BUF,1,1
2014113008,CIN @ TB,1,1
2014113001,BUF @ CLE,1,1
2014113007,OAK @ STL,1,1
2014113011,KC @ DEN,1,1
2014113004,NYG @ JAC,1,1
2014113001,CLE @ BUF,1,1
2014113007,OAK @ STL,1,1
2014113007,OAK @ STL,0,2
2014113003,WAS @ IND,0,2
2014113004,NYG @ JAC,0,2
2014113001,CLE @ BUF,0,2
2014113001,BUF @ CLE,0,2
2014113009,ATL @ ARI,0,2
2014113005,CAR @ MIN,0,2
2014113006,PIT @ NO,0,2
2014113004,JAC @ NYG,0,2
2014113002,TEN @ HOU,0,2
2014113003,WAS @ IND,0,2
2014113009,ATL @ ARI,0,2
2014113007,OAK @ STL,0,2
2014113002,HOU @ TEN,0,2
2014113011,DEN @ KC,0,2
2014113005,MIN @ CAR,0,2
2014113003,WAS @ IND,0,2
2014113002,TEN @ HOU,1,2
2014113001,BUF @ CLE,1,2
2014113008,TB @ CIN,1,2
2014113001,BUF @ CLE,1,2
2014113006,NO @ PIT,1,2
2014113004,JAC @ NYG,1,2
2014113011,DEN @ KC,13,2
2014113002,HOU @ TEN,0,3
2014113000,BAL @ SD,0,3
2014113002,TEN @ HOU,0,3
2014113005,MIN @ CAR,0,3
2014113000,SD @ BAL,0,3
2014113000,SD @ BAL,0,3
2014113009,ARI @ ATL,0,3
2014113011,DEN @ KC,0,3
2014113001,BUF @ CLE,0,3
2014113007,STL @ OAK,0,3
2014113005,CAR @ MIN,0,3
2014113007,STL @ OAK,0,3
2014113010,NE @ GB,0,3
2014113011,DEN @ KC,0,3
2014113008,TB @ CIN,0,3
2014113005,MIN @ CAR,0,3
2014113007,OAK @ STL,0,3
2014113004,NYG @ JAC,0,3
2014113008,CIN @ TB,0,3
2014113009,ARI @ ATL,0,3
2014113007,OAK @ STL,0,3
2014113001,CLE @ BUF,0,3
2014113005,MIN @ CAR,0,3
2014113007,STL @ OAK,0,3
2014113010,NE @ GB,0,3
2014113001,CLE @ BUF,1,3
2014113010,GB @ NE,1,3
2014113011,KC @ DEN,1,3
2014113004,JAC @ NYG,1,3
2014113001,CLE @ BUF,1,3
2014113002,HOU @ TEN,1,3
2014113007,STL @ OAK,1,3
2014113004,JAC @ NYG,1,3
2014113008,TB @ CIN,1,3
2014113006,NO @ PIT,1,3
2014113005,MIN @ CAR,0,4
2014113005,MIN @ CAR,0,4
2014113006,NO @ PIT,0,4
2014113007,STL @ OAK,0,4
2014113008,CIN @ TB,0,4
2014113008,CIN @ TB,0,4
2014113011,DEN @ KC,0,4
2014113003,IND @ WAS,0,4
2014113007,OAK @ STL,0,4
2014113003,IND @ WAS,0,4
2014113008,TB @ CIN,0,4
2014113005,MIN @ CAR,0,4
2014113011,DEN @ KC,0,4
2014113006,NO @ PIT,0,4
2014113011,KC @ DEN,0,4
2014113006,NO @ PIT,0,4
2014113007,STL @ OAK,0,4
2014113008,CIN @ TB,0,4
2014113009,ATL @ ARI,0,4
2014113008,TB @ CIN,0,4
2014113004,NYG @ JAC,0,4
2014113009,ARI @ ATL,0,4
2014113002,TEN @ HOU,0,4
2014113004,JAC @ NYG,1,4
2014113005,CAR @ MIN,1,4
2014113003,WAS @ IND,1,4
2014113004,NYG @ JAC,1,4
2014113009,ATL @ ARI,1,4
2014113004,JAC @ NYG,1,4
2014113008,CIN @ TB,1,4
2014113005,CAR @ MIN,1,4
2014113003,IND @ WAS,1,4
2014120100,MIA @ NYJ,0,1
2014120100,NYJ @ MIA,0,1
2014120100,MIA @ NYJ,0,2
2014120100,NYJ @ MIA,0,3
2014120100,NYJ @ MIA,0,3
2014120100,MIA @ NYJ,0,3
2014120100,NYJ @ MIA,0,4
2014120100,MIA @ NYJ,0,4
2014120400,CHI @ DAL,0,1
2014120400,CHI @ DAL,0,1
2014120400,DAL @ CHI,0,1
2014120400,DAL @ CHI,1,1
2014120400,CHI @ DAL,0,3
2014120400,CHI @ DAL,0,3
2014120400,CHI @ DAL,0,3
2014120704,BAL @ MIA,0,1
2014120700,CIN @ PIT,0,1
2014120709,KC @ ARI,0,1
2014120701,CLE @ IND,0,1
2014120708,STL @ WAS,0,1
2014120700,PIT @ CIN,0,1
2014120709,ARI @ KC,0,1
2014120711,OAK @ SF,0,1
2014120703,HOU @ JAC,0,1
2014120704,BAL @ MIA,0,1
2014120712,PHI @ SEA,0,1
2014120701,CLE @ IND,0,1
2014120702,TB @ DET,0,1
2014120712,SEA @ PHI,0,1
2014120703,JAC @ HOU,0,1
2014120701,IND @ CLE,0,1
2014120710,DEN @ BUF,0,1
2014120705,NYJ @ MIN,0,1
2014120713,SD @ NE,0,1
2014120701,CLE @ IND,0,1
2014120703,HOU @ JAC,0,1
2014120703,JAC @ HOU,1,1
2014120707,NYG @ TEN,1,1
2014120706,CAR @ NO,1,1
2014120701,IND @ CLE,1,1
2014120707,TEN @ NYG,1,1
2014120706,NO @ CAR,1,1
2014120707,TEN @ NYG,1,1
2014120700,CIN @ PIT,1,1
2014120701,IND @ CLE,1,1
2014120711,SF @ OAK,1,1
2014120700,PIT @ CIN,1,1
2014120700,PIT @ CIN,1,1
2014120704,BAL @ MIA,1,1
2014120701,IND @ CLE,0,2
2014120707,TEN @ NYG,0,2
2014120713,SD @ NE,0,2
2014120708,STL @ WAS,0,2
2014120706,NO @ CAR,0,2
2014120711,OAK @ SF,0,2
2014120712,SEA @ PHI,0,2
2014120708,WAS @ STL,0,2
2014120704,MIA @ BAL,0,2
2014120703,HOU @ JAC,0,2
2014120711,OAK @ SF,0,2
2014120713,SD @ NE,0,2
2014120700,PIT @ CIN,0,2
2014120710,BUF @ DEN,0,2
2014120712,SEA @ PHI,0,2
2014120702,DET @ TB,0,2
2014120712,PHI @ SEA,0,2
2014120704,MIA @ BAL,0,2
2014120701,IND @ CLE,0,2
2014120701,CLE @ IND,0,2
2014120708,WAS @ STL,0,2
2014120708,WAS @ STL,1,2
2014120703,HOU @ JAC,1,2
2014120712,PHI @ SEA,1,2
2014120710,BUF @ DEN,1,2
2014120711,SF @ OAK,1,2
2014120705,MIN @ NYJ,1,2
2014120711,SF @ OAK,1,2
2014120712,PHI @ SEA,1,2
2014120708,WAS @ STL,1,2
2014120706,CAR @ NO,1,2
2014120701,IND @ CLE,1,2
2014120712,SEA @ PHI,0,3
2014120700,PIT @ CIN,0,3
2014120704,BAL @ MIA,0,3
2014120708,WAS @ STL,0,3
2014120711,SF @ OAK,0,3
2014120701,CLE @ IND,0,3
2014120704,MIA @ BAL,0,3
2014120712,PHI @ SEA,0,3
2014120712,SEA @ PHI,0,3
2014120702,TB @ DET,0,3
2014120707,NYG @ TEN,0,3
2014120706,CAR @ NO,0,3
2014120713,NE @ SD,0,3
2014120712,PHI @ SEA,0,3
2014120702,DET @ TB,0,3
2014120707,TEN @ NYG,0,3
2014120702,TB @ DET,0,3
2014120713,NE @ SD,0,3
2014120706,NO @ CAR,0,3
2014120700,CIN @ PIT,0,3
2014120703,JAC @ HOU,0,3
2014120701,CLE @ IND,0,3
2014120704,MIA @ BAL,0,3
2014120713,NE @ SD,0,3
2014120701,CLE @ IND,0,3
2014120707,TEN @ NYG,0,3
2014120706,NO @ CAR,0,3
2014120713,SD @ NE,1,3
2014120700,PIT @ CIN,1,3
2014120709,KC @ ARI,1,3
2014120713,NE @ SD,1,3
2014120700,CIN @ PIT,1,3
2014120706,NO @ CAR,1,3
2014120707,TEN @ NYG,1,3
2014120701,CLE @ IND,1,3
2014120713,SD @ NE,1,3
2014120713,SD @ NE,1,3
2014120702,TB @ DET,1,3
2014120711,OAK @ SF,1,3
2014120708,WAS @ STL,2,3
2014120713,NE @ SD,0,4
2014120703,HOU @ JAC,0,4
2014120705,MIN @ NYJ,0,4
2014120706,CAR @ NO,0,4
2014120707,NYG @ TEN,0,4
2014120711,OAK @ SF,0,4
2014120702,TB @ DET,0,4
2014120701,CLE @ IND,0,4
2014120712,PHI @ SEA,0,4
2014120705,NYJ @ MIN,0,4
2014120710,DEN @ BUF,0,4
2014120710,BUF @ DEN,0,4
2014120713,SD @ NE,0,4
2014120710,DEN @ BUF,0,4
2014120701,IND @ CLE,0,4
2014120704,MIA @ BAL,0,4
2014120700,CIN @ PIT,0,4
2014120712,SEA @ PHI,0,4
2014120702,TB @ DET,0,4
2014120709,KC @ ARI,0,4
2014120707,NYG @ TEN,0,4
2014120705,NYJ @ MIN,0,4
2014120700,CIN @ PIT,0,4
2014120713,SD @ NE,0,4
2014120705,MIN @ NYJ,0,4
2014120708,STL @ WAS,0,4
2014120702,DET @ TB,0,4
2014120709,ARI @ KC,0,4
2014120701,CLE @ IND,0,4
2014120703,JAC @ HOU,0,4
2014120712,PHI @ SEA,0,4
2014120708,WAS @ STL,0,4
2014120700,PIT @ CIN,1,4
2014120708,STL @ WAS,1,4
2014120700,CIN @ PIT,1,4
2014120709,ARI @ KC,1,4
2014120706,CAR @ NO,1,4
2014120709,KC @ ARI,1,4
2014120709,ARI @ KC,1,4
2014120705,NYJ @ MIN,0,5
2014120800,ATL @ GB,1,2
2014120800,ATL @ GB,1,2
2014120800,GB @ ATL,0,3
2014121100,ARI @ STL,0,1
2014121100,ARI @ STL,1,1
2014121100,STL @ ARI,0,2
2014121100,ARI @ STL,0,2
2014121100,STL @ ARI,0,2
2014121100,STL @ ARI,0,2
2014121100,ARI @ STL,0,3
2014121100,ARI @ STL,0,3
2014121100,STL @ ARI,0,3
2014121100,STL @ ARI,0,3
2014121100,STL @ ARI,0,3
2014121100,ARI @ STL,0,3
2014121100,STL @ ARI,1,3
2014121100,STL @ ARI,1,3
2014121100,ARI @ STL,0,4
2014121100,ARI @ STL,0,4
2014121100,ARI @ STL,0,4
2014121100,STL @ ARI,1,4
2014121404,CLE @ CIN,0,1
2014121407,OAK @ KC,0,1
2014121413,PHI @ DAL,0,1
2014121402,GB @ BUF,0,1
2014121407,OAK @ KC,0,1
2014121402,BUF @ GB,0,1
2014121400,ATL @ PIT,0,1
2014121405,DET @ MIN,0,1
2014121410,SD @ DEN,0,1
2014121407,KC @ OAK,0,1
2014121402,BUF @ GB,0,1
2014121402,GB @ BUF,0,1
2014121402,BUF @ GB,0,1
2014121405,DET @ MIN,0,1
2014121410,SD @ DEN,0,1
2014121413,PHI @ DAL,0,1
2014121412,SF @ SEA,0,1
2014121401,JAC @ BAL,0,1
2014121409,NYG @ WAS,0,1
2014121406,IND @ HOU,0,1
2014121406,HOU @ IND,1,1
2014121406,IND @ HOU,1,1
2014121404,CLE @ CIN,1,1
2014121406,HOU @ IND,1,1
2014121412,SF @ SEA,1,1
2014121405,MIN @ DET,1,1
2014121401,BAL @ JAC,1,1
2014121408,MIA @ NE,1,1
2014121412,SEA @ SF,1,1
2014121407,OAK @ KC,1,1
2014121406,IND @ HOU,1,1
2014121411,NYJ @ TEN,1,1
2014121410,SD @ DEN,1,1
2014121410,DEN @ SD,1,1
2014121406,HOU @ IND,1,1
2014121407,KC @ OAK,1,1
2014121411,TEN @ NYJ,1,1
2014121405,DET @ MIN,1,1
2014121402,GB @ BUF,1,1
2014121413,DAL @ PHI,0,2
2014121411,NYJ @ TEN,0,2
2014121408,MIA @ NE,0,2
2014121406,HOU @ IND,0,2
2014121407,KC @ OAK,0,2
2014121410,DEN @ SD,0,2
2014121410,SD @ DEN,0,2
2014121402,GB @ BUF,0,2
2014121407,OAK @ KC,0,2
2014121412,SF @ SEA,0,2
2014121411,NYJ @ TEN,0,2
2014121406,IND @ HOU,0,2
2014121402,GB @ BUF,0,2
2014121409,NYG @ WAS,0,2
2014121402,GB @ BUF,0,2
2014121402,GB @ BUF,0,2
2014121407,KC @ OAK,0,2
2014121413,DAL @ PHI,0,2
2014121406,HOU @ IND,0,2
2014121402,BUF @ GB,0,2
2014121409,NYG @ WAS,0,2
2014121403,TB @ CAR,0,2
2014121405,DET @ MIN,0,2
2014121412,SEA @ SF,0,2
2014121411,TEN @ NYJ,0,2
2014121400,PIT @ ATL,0,2
2014121406,HOU @ IND,0,2
2014121408,NE @ MIA,0,2
2014121409,NYG @ WAS,0,2
2014121411,TEN @ NYJ,0,2
2014121409,WAS @ NYG,0,2
2014121405,DET @ MIN,0,2
2014121403,TB @ CAR,0,2
2014121411,NYJ @ TEN,0,2
2014121408,NE @ MIA,1,2
2014121411,TEN @ NYJ,1,2
2014121408,NE @ MIA,1,2
2014121401,JAC @ BAL,1,2
2014121407,OAK @ KC,1,2
2014121404,CLE @ CIN,1,2
2014121407,OAK @ KC,1,2
2014121400,ATL @ PIT,1,2
2014121411,NYJ @ TEN,0,3
2014121402,BUF @ GB,0,3
2014121401,BAL @ JAC,0,3
2014121403,CAR @ TB,0,3
2014121406,IND @ HOU,0,3
2014121401,JAC @ BAL,0,3
2014121403,CAR @ TB,0,3
2014121406,HOU @ IND,0,3
2014121409,NYG @ WAS,0,3
2014121402,GB @ BUF,0,3
2014121412,SF @ SEA,0,3
2014121403,TB @ CAR,0,3
2014121404,CLE @ CIN,0,3
2014121410,DEN @ SD,0,3
2014121406,IND @ HOU,0,3
2014121404,CIN @ CLE,0,3
2014121413,DAL @ PHI,0,3
2014121412,SEA @ SF,0,3
2014121401,JAC @ BAL,0,3
2014121403,TB @ CAR,0,3
2014121406,HOU @ IND,0,3
2014121401,BAL @ JAC,0,3
2014121411,NYJ @ TEN,0,3
2014121407,OAK @ KC,1,3
2014121412,SF @ SEA,1,3
2014121408,MIA @ NE,1,3
2014121407,OAK @ KC,1,3
2014121403,TB @ CAR,1,3
2014121412,SF @ SEA,1,3
2014121400,PIT @ ATL,1,3
2014121408,MIA @ NE,1,3
2014121405,MIN @ DET,1,3
2014121410,SD @ DEN,1,3
2014121404,CLE @ CIN,1,3
2014121407,OAK @ KC,1,3
2014121401,JAC @ BAL,19,3
2014121409,WAS @ NYG,0,4
2014121403,CAR @ TB,0,4
2014121405,DET @ MIN,0,4
2014121413,DAL @ PHI,0,4
2014121413,DAL @ PHI,0,4
2014121409,NYG @ WAS,0,4
2014121413,PHI @ DAL,0,4
2014121409,WAS @ NYG,0,4
2014121401,BAL @ JAC,0,4
2014121407,KC @ OAK,0,4
2014121400,PIT @ ATL,0,4
2014121401,JAC @ BAL,0,4
2014121411,TEN @ NYJ,0,4
2014121413,DAL @ PHI,0,4
2014121404,CLE @ CIN,0,4
2014121409,WAS @ NYG,0,4
2014121404,CIN @ CLE,0,4
2014121407,KC @ OAK,0,4
2014121407,OAK @ KC,0,4
2014121406,IND @ HOU,0,4
2014121407,KC @ OAK,0,4
2014121404,CLE @ CIN,0,4
2014121409,WAS @ NYG,0,4
2014121411,NYJ @ TEN,1,4
2014121402,BUF @ GB,1,4
2014121407,OAK @ KC,1,4
2014121412,SEA @ SF,1,4
2014121400,ATL @ PIT,1,4
2014121411,NYJ @ TEN,1,4
2014121411,TEN @ NYJ,1,4
2014121401,JAC @ BAL,1,4
2014121500,CHI @ NO,0,1
2014121500,CHI @ NO,1,1
2014121500,CHI @ NO,0,2
2014121500,NO @ CHI,0,2
2014121500,NO @ CHI,0,2
2014121500,CHI @ NO,0,2
2014121500,NO @ CHI,0,2
2014121500,CHI @ NO,1,2
2014121500,NO @ CHI,0,3
2014121500,CHI @ NO,1,3
2014121500,NO @ CHI,0,4
2014121500,CHI @ NO,0,4
2014121500,NO @ CHI,0,4
2014121800,TEN @ JAC,0,1
2014121800,JAC @ TEN,1,1
2014121800,JAC @ TEN,1,1
2014121800,JAC @ TEN,0,2
2014121800,JAC @ TEN,0,2
2014121800,TEN @ JAC,1,2
2014121800,TEN @ JAC,1,2
2014121800,TEN @ JAC,0,3
2014121800,JAC @ TEN,1,3
2014121800,JAC @ TEN,0,4
2014121800,JAC @ TEN,0,4
2014121800,TEN @ JAC,0,4
2014122001,SD @ SF,1,1
2014122000,PHI @ WAS,0,2
2014122000,PHI @ WAS,0,2
2014122000,WAS @ PHI,0,2
2014122000,PHI @ WAS,0,2
2014122000,WAS @ PHI,1,2
2014122001,SF @ SD,0,3
2014122001,SD @ SF,0,3
2014122001,SD @ SF,1,3
2014122001,SF @ SD,0,4
2014122001,SF @ SD,0,4
2014122001,SF @ SD,0,4
2014122001,SD @ SF,0,4
2014122001,SF @ SD,0,4
2014122000,WAS @ PHI,1,4
2014122111,ARI @ SEA,0,1
2014122104,NO @ ATL,0,1
2014122103,MIA @ MIN,0,1
2014122105,NE @ NYJ,0,1
2014122111,SEA @ ARI,0,1
2014122110,BUF @ OAK,0,1
2014122104,ATL @ NO,0,1
2014122109,IND @ DAL,0,1
2014122102,BAL @ HOU,0,1
2014122107,GB @ TB,0,1
2014122105,NYJ @ NE,0,1
2014122111,ARI @ SEA,0,1
2014122101,CHI @ DET,0,1
2014122107,TB @ GB,0,1
2014122100,CLE @ CAR,0,1
2014122101,DET @ CHI,0,1
2014122111,SEA @ ARI,0,1
2014122104,NO @ ATL,0,1
2014122107,TB @ GB,0,1
2014122107,GB @ TB,0,1
2014122101,CHI @ DET,0,1
2014122110,OAK @ BUF,0,1
2014122106,PIT @ KC,1,1
2014122108,NYG @ STL,1,1
2014122109,IND @ DAL,1,1
2014122107,TB @ GB,1,1
2014122110,OAK @ BUF,1,1
2014122105,NE @ NYJ,1,1
2014122104,ATL @ NO,1,1
2014122110,OAK @ BUF,1,1
2014122102,BAL @ HOU,1,1
2014122105,NYJ @ NE,1,1
2014122105,NE @ NYJ,1,1
2014122105,NYJ @ NE,1,1
2014122102,HOU @ BAL,0,2
2014122101,CHI @ DET,0,2
2014122100,CAR @ CLE,0,2
2014122103,MIA @ MIN,0,2
2014122100,CLE @ CAR,0,2
2014122108,NYG @ STL,0,2
2014122111,ARI @ SEA,0,2
2014122109,DAL @ IND,0,2
2014122109,IND @ DAL,0,2
2014122103,MIN @ MIA,0,2
2014122110,BUF @ OAK,0,2
2014122104,NO @ ATL,0,2
2014122102,HOU @ BAL,0,2
2014122111,ARI @ SEA,0,2
2014122102,HOU @ BAL,0,2
2014122100,CLE @ CAR,0,2
2014122107,TB @ GB,0,2
2014122102,BAL @ HOU,0,2
2014122102,HOU @ BAL,0,2
2014122100,CAR @ CLE,0,2
2014122108,STL @ NYG,0,2
2014122102,BAL @ HOU,0,2
2014122110,OAK @ BUF,0,2
2014122110,BUF @ OAK,0,2
2014122103,MIN @ MIA,0,2
2014122102,BAL @ HOU,1,2
2014122105,NE @ NYJ,1,2
2014122110,OAK @ BUF,1,2
2014122102,BAL @ HOU,1,2
2014122101,CHI @ DET,1,2
2014122110,BUF @ OAK,1,2
2014122110,BUF @ OAK,1,2
2014122109,IND @ DAL,1,2
2014122107,TB @ GB,1,2
2014122105,NYJ @ NE,1,2
2014122107,TB @ GB,0,3
2014122101,CHI @ DET,0,3
2014122102,BAL @ HOU,0,3
2014122111,ARI @ SEA,0,3
2014122111,SEA @ ARI,0,3
2014122110,BUF @ OAK,0,3
2014122104,NO @ ATL,0,3
2014122111,ARI @ SEA,0,3
2014122102,HOU @ BAL,0,3
2014122109,IND @ DAL,0,3
2014122108,STL @ NYG,0,3
2014122104,ATL @ NO,0,3
2014122106,KC @ PIT,0,3
2014122102,HOU @ BAL,0,3
2014122100,CLE @ CAR,0,3
2014122105,NE @ NYJ,0,3
2014122107,TB @ GB,0,3
2014122102,BAL @ HOU,0,3
2014122111,ARI @ SEA,0,3
2014122100,CAR @ CLE,1,3
2014122106,PIT @ KC,1,3
2014122103,MIN @ MIA,1,3
2014122110,BUF @ OAK,1,3
2014122103,MIN @ MIA,0,4
2014122102,HOU @ BAL,0,4
2014122111,SEA @ ARI,0,4
2014122102,HOU @ BAL,0,4
2014122104,ATL @ NO,0,4
2014122111,ARI @ SEA,0,4
2014122100,CLE @ CAR,0,4
2014122102,HOU @ BAL,0,4
2014122101,CHI @ DET,0,4
2014122107,TB @ GB,0,4
2014122108,STL @ NYG,0,4
2014122110,BUF @ OAK,0,4
2014122104,ATL @ NO,0,4
2014122108,NYG @ STL,0,4
2014122111,ARI @ SEA,0,4
2014122100,CAR @ CLE,0,4
2014122110,OAK @ BUF,0,4
2014122108,STL @ NYG,0,4
2014122109,DAL @ IND,1,4
2014122108,NYG @ STL,1,4
2014122101,CHI @ DET,1,4
2014122109,IND @ DAL,1,4
2014122100,CLE @ CAR,1,4
2014122200,DEN @ CIN,0,1
2014122200,CIN @ DEN,0,1
2014122200,DEN @ CIN,1,1
2014122200,CIN @ DEN,1,1
2014122200,DEN @ CIN,1,1
2014122200,DEN @ CIN,0,2
2014122200,CIN @ DEN,0,4
2014122200,CIN @ DEN,0,4
2014122200,DEN @ CIN,0,4
2014122200,CIN @ DEN,0,4
2014122200,DEN @ CIN,1,4
2014122200,CIN @ DEN,1,4
2014122815,STL @ SEA,0,1
2014122808,PHI @ NYG,0,1
2014122805,MIA @ NYJ,0,1
2014122806,CHI @ MIN,0,1
2014122812,WAS @ DAL,0,1
2014122801,CLE @ BAL,0,1
2014122804,SD @ KC,0,1
2014122814,ARI @ SF,0,1
2014122813,OAK @ DEN,0,1
2014122800,ATL @ CAR,0,1
2014122802,DET @ GB,0,1
2014122812,WAS @ DAL,0,1
2014122811,TEN @ IND,0,1
2014122813,OAK @ DEN,0,1
2014122811,IND @ TEN,0,1
2014122801,CLE @ BAL,0,1
2014122807,BUF @ NE,0,1
2014122808,NYG @ PHI,0,1
2014122801,BAL @ CLE,0,1
2014122806,CHI @ MIN,0,1
2014122810,NO @ TB,0,1
2014122807,NE @ BUF,0,1
2014122809,CIN @ PIT,0,1
2014122810,TB @ NO,0,1
2014122811,TEN @ IND,0,1
2014122815,SEA @ STL,0,1
2014122809,PIT @ CIN,0,1
2014122802,DET @ GB,0,1
2014122803,JAC @ HOU,0,1
2014122815,STL @ SEA,0,1
2014122811,TEN @ IND,1,1
2014122810,NO @ TB,1,1
2014122809,PIT @ CIN,1,1
2014122813,OAK @ DEN,1,1
2014122804,SD @ KC,1,1
2014122813,OAK @ DEN,1,1
2014122805,MIA @ NYJ,1,1
2014122801,BAL @ CLE,1,1
2014122800,ATL @ CAR,0,2
2014122801,BAL @ CLE,0,2
2014122803,JAC @ HOU,0,2
2014122815,SEA @ STL,0,2
2014122811,TEN @ IND,0,2
2014122803,HOU @ JAC,0,2
2014122805,NYJ @ MIA,0,2
2014122806,MIN @ CHI,0,2
2014122803,JAC @ HOU,0,2
2014122806,CHI @ MIN,0,2
2014122800,CAR @ ATL,0,2
2014122808,PHI @ NYG,0,2
2014122813,OAK @ DEN,0,2
2014122800,ATL @ CAR,0,2
2014122813,DEN @ OAK,0,2
2014122800,CAR @ ATL,0,2
2014122804,KC @ SD,0,2
2014122811,TEN @ IND,0,2
2014122806,MIN @ CHI,0,2
2014122801,CLE @ BAL,0,2
2014122808,NYG @ PHI,0,2
2014122808,PHI @ NYG,0,2
2014122801,BAL @ CLE,0,2
2014122802,DET @ GB,0,2
2014122808,NYG @ PHI,0,2
2014122811,IND @ TEN,0,2
2014122803,HOU @ JAC,0,2
2014122811,IND @ TEN,1,2
2014122815,STL @ SEA,1,2
2014122814,SF @ ARI,1,2
2014122804,SD @ KC,1,2
2014122809,CIN @ PIT,1,2
2014122813,OAK @ DEN,1,2
2014122813,DEN @ OAK,1,2
2014122805,MIA @ NYJ,1,2
2014122804,SD @ KC,1,2
2014122815,STL @ SEA,1,2
2014122807,NE @ BUF,1,2
2014122813,OAK @ DEN,1,2
2014122803,JAC @ HOU,1,2
2014122812,WAS @ DAL,0,3
2014122808,NYG @ PHI,0,3
2014122813,OAK @ DEN,0,3
2014122806,MIN @ CHI,0,3
2014122810,TB @ NO,0,3
2014122812,DAL @ WAS,0,3
2014122801,BAL @ CLE,0,3
2014122808,PHI @ NYG,0,3
2014122802,DET @ GB,0,3
2014122805,MIA @ NYJ,0,3
2014122812,DAL @ WAS,0,3
2014122800,CAR @ ATL,0,3
2014122804,SD @ KC,0,3
2014122810,TB @ NO,0,3
2014122809,CIN @ PIT,0,3
2014122808,PHI @ NYG,0,3
2014122801,BAL @ CLE,0,3
2014122803,HOU @ JAC,0,3
2014122812,WAS @ DAL,0,3
2014122809,PIT @ CIN,0,3
2014122801,CLE @ BAL,0,3
2014122815,STL @ SEA,0,3
2014122805,MIA @ NYJ,0,3
2014122811,IND @ TEN,0,3
2014122814,SF @ ARI,0,3
2014122811,IND @ TEN,0,3
2014122807,BUF @ NE,0,3
2014122814,SF @ ARI,0,3
2014122808,NYG @ PHI,0,3
2014122804,KC @ SD,0,3
2014122808,PHI @ NYG,0,3
2014122807,BUF @ NE,1,3
2014122804,KC @ SD,1,3
2014122803,JAC @ HOU,1,3
2014122800,ATL @ CAR,1,3
2014122808,NYG @ PHI,1,3
2014122812,DAL @ WAS,1,3
2014122811,TEN @ IND,1,3
2014122803,HOU @ JAC,1,3
2014122802,GB @ DET,1,3
2014122800,ATL @ CAR,1,3
2014122807,NE @ BUF,1,3
2014122802,GB @ DET,0,4
2014122802,GB @ DET,0,4
2014122814,SF @ ARI,0,4
2014122802,GB @ DET,0,4
2014122803,HOU @ JAC,0,4
2014122808,PHI @ NYG,0,4
2014122813,OAK @ DEN,0,4
2014122815,SEA @ STL,0,4
2014122807,NE @ BUF,0,4
2014122808,NYG @ PHI,0,4
2014122813,DEN @ OAK,0,4
2014122814,ARI @ SF,0,4
2014122809,PIT @ CIN,0,4
2014122803,HOU @ JAC,0,4
2014122804,KC @ SD,0,4
2014122801,CLE @ BAL,0,4
2014122811,IND @ TEN,0,4
2014122801,CLE @ BAL,0,4
2014122805,NYJ @ MIA,0,4
2014122810,TB @ NO,0,4
2014122811,TEN @ IND,0,4
2014122803,JAC @ HOU,0,4
2014122812,DAL @ WAS,0,4
2014122814,ARI @ SF,0,4
2014122807,BUF @ NE,0,4
2014122801,CLE @ BAL,0,4
2014122807,BUF @ NE,1,4
2014122804,KC @ SD,1,4
2014122805,MIA @ NYJ,1,4
2014122814,SF @ ARI,1,4
2014122813,OAK @ DEN,1,4
2014122810,NO @ TB,1,4
2014122806,CHI @ MIN,1,4
2014122805,NYJ @ MIA,38,4
