2013090500,DEN @ BAL,0,1
2013090500,DEN @ BAL,0,1
2013090500,BAL @ DEN,0,1
2013090500,DEN @ BAL,0,2
2013090500,BAL @ DEN,0,2
2013090500,BAL @ DEN,0,2
2013090500,DEN @ BAL,0,2
2013090500,BAL @ DEN,1,2
2013090500,DEN @ BAL,0,3
2013090500,DEN @ BAL,0,3
2013090500,BAL @ DEN,0,3
2013090500,BAL @ DEN,0,3
2013090500,BAL @ DEN,1,3
2013090500,BAL @ DEN,1,3
2013090500,BAL @ DEN,0,4
2013090500,DEN @ BAL,1,4
2013090500,BAL @ DEN,1,4
2013090806,JAC @ KC,0,1
2013090806,JAC @ KC,0,1
2013090800,BUF @ NE,0,1
2013090809,TEN @ PIT,0,1
2013090807,TB @ NYJ,0,1
2013090806,KC @ JAC,0,1
2013090801,SEA @ CAR,0,1
2013090810,ARI @ STL,0,1
2013090802,CHI @ CIN,0,1
2013090806,JAC @ KC,0,1
2013090802,CIN @ CHI,0,1
2013090800,BUF @ NE,0,1
2013090807,NYJ @ TB,0,1
2013090811,GB @ SF,0,1
2013090803,MIA @ CLE,0,1
2013090801,CAR @ SEA,0,1
2013090810,STL @ ARI,0,1
2013090800,NE @ BUF,0,1
2013090806,KC @ JAC,0,1
2013090811,GB @ SF,0,1
2013090802,CHI @ CIN,0,1
2013090809,PIT @ TEN,1,1
2013090804,MIN @ DET,1,1
2013090801,CAR @ SEA,1,1
2013090807,NYJ @ TB,1,1
2013090801,CAR @ SEA,1,1
2013090807,NYJ @ TB,1,1
2013090801,SEA @ CAR,1,1
2013090803,CLE @ MIA,1,1
2013090812,DAL @ NYG,1,1
2013090806,JAC @ KC,1,1
2013090808,NO @ ATL,1,1
2013090807,TB @ NYJ,1,1
2013090811,SF @ GB,1,1
2013090808,ATL @ NO,1,1
2013090806,JAC @ KC,1,1
2013090812,DAL @ NYG,0,2
2013090808,ATL @ NO,0,2
2013090802,CIN @ CHI,0,2
2013090800,BUF @ NE,0,2
2013090806,KC @ JAC,0,2
2013090805,OAK @ IND,0,2
2013090802,CHI @ CIN,0,2
2013090805,IND @ OAK,0,2
2013090804,MIN @ DET,0,2
2013090800,NE @ BUF,0,2
2013090808,ATL @ NO,0,2
2013090804,DET @ MIN,0,2
2013090811,SF @ GB,0,2
2013090802,CHI @ CIN,0,2
2013090807,TB @ NYJ,0,2
2013090809,TEN @ PIT,0,2
2013090811,GB @ SF,0,2
2013090803,MIA @ CLE,0,2
2013090804,MIN @ DET,0,2
2013090804,DET @ MIN,0,2
2013090800,NE @ BUF,0,2
2013090800,BUF @ NE,0,2
2013090811,SF @ GB,0,2
2013090806,KC @ JAC,0,2
2013090802,CHI @ CIN,0,2
2013090800,NE @ BUF,0,2
2013090809,TEN @ PIT,0,2
2013090805,IND @ OAK,1,2
2013090806,JAC @ KC,1,2
2013090812,NYG @ DAL,1,2
2013090803,MIA @ CLE,1,2
2013090809,PIT @ TEN,1,2
2013090800,BUF @ NE,1,2
2013090806,JAC @ KC,1,2
2013090803,CLE @ MIA,1,2
2013090805,OAK @ IND,1,2
2013090800,NE @ BUF,0,3
2013090803,MIA @ CLE,0,3
2013090802,CIN @ CHI,0,3
2013090800,BUF @ NE,0,3
2013090807,TB @ NYJ,0,3
2013090807,NYJ @ TB,0,3
2013090808,ATL @ NO,0,3
2013090809,PIT @ TEN,0,3
2013090806,KC @ JAC,0,3
2013090808,ATL @ NO,0,3
2013090807,TB @ NYJ,0,3
2013090812,DAL @ NYG,0,3
2013090801,CAR @ SEA,0,3
2013090811,SF @ GB,0,3
2013090806,KC @ JAC,0,3
2013090810,STL @ ARI,0,3
2013090812,NYG @ DAL,0,3
2013090803,CLE @ MIA,0,3
2013090806,JAC @ KC,0,3
2013090803,MIA @ CLE,0,3
2013090807,NYJ @ TB,0,3
2013090805,IND @ OAK,0,3
2013090809,PIT @ TEN,0,3
2013090801,SEA @ CAR,0,3
2013090810,ARI @ STL,0,3
2013090806,KC @ JAC,0,3
2013090803,CLE @ MIA,0,3
2013090809,TEN @ PIT,0,3
2013090803,CLE @ MIA,0,3
2013090801,SEA @ CAR,0,3
2013090804,MIN @ DET,0,3
2013090809,PIT @ TEN,0,3
2013090803,MIA @ CLE,0,3
2013090806,JAC @ KC,1,3
2013090806,JAC @ KC,1,3
2013090811,SF @ GB,1,3
2013090811,GB @ SF,1,3
2013090804,MIN @ DET,1,3
2013090812,DAL @ NYG,1,3
2013090808,NO @ ATL,1,3
2013090810,ARI @ STL,0,4
2013090807,NYJ @ TB,0,4
2013090812,DAL @ NYG,0,4
2013090806,KC @ JAC,0,4
2013090807,TB @ NYJ,0,4
2013090804,DET @ MIN,0,4
2013090811,GB @ SF,0,4
2013090810,ARI @ STL,0,4
2013090800,NE @ BUF,0,4
2013090806,JAC @ KC,0,4
2013090800,BUF @ NE,0,4
2013090806,JAC @ KC,0,4
2013090811,SF @ GB,0,4
2013090807,TB @ NYJ,0,4
2013090803,CLE @ MIA,0,4
2013090804,DET @ MIN,0,4
2013090808,NO @ ATL,0,4
2013090811,GB @ SF,0,4
2013090801,CAR @ SEA,0,4
2013090806,KC @ JAC,0,4
2013090807,NYJ @ TB,0,4
2013090800,BUF @ NE,0,4
2013090809,TEN @ PIT,0,4
2013090810,STL @ ARI,1,4
2013090800,BUF @ NE,1,4
2013090809,PIT @ TEN,1,4
2013090812,NYG @ DAL,1,4
2013090812,DAL @ NYG,1,4
2013090804,MIN @ DET,1,4
2013090802,CIN @ CHI,1,4
2013090808,ATL @ NO,1,4
2013090806,KC @ JAC,1,4
2013090809,PIT @ TEN,1,4
2013090801,CAR @ SEA,1,4
2013090900,PHI @ WAS,0,1
2013090900,PHI @ WAS,0,1
2013090901,SD @ HOU,0,1
2013090901,HOU @ SD,0,1
2013090900,WAS @ PHI,0,2
2013090901,SD @ HOU,0,2
2013090900,WAS @ PHI,0,2
2013090900,PHI @ WAS,0,2
2013090900,WAS @ PHI,0,2
2013090900,PHI @ WAS,0,3
2013090901,SD @ HOU,1,3
2013090900,PHI @ WAS,1,3
2013090900,PHI @ WAS,0,4
2013090901,SD @ HOU,0,4
2013090901,HOU @ SD,0,4
2013090900,PHI @ WAS,0,4
2013090901,SD @ HOU,1,4
2013090901,HOU @ SD,1,4
2013090901,SD @ HOU,1,4
2013090901,HOU @ SD,8,4
2013091200,NE @ NYJ,0,1
2013091200,NE @ NYJ,0,1
2013091200,NYJ @ NE,0,1
2013091200,NE @ NYJ,0,2
2013091200,NYJ @ NE,0,2
2013091200,NE @ NYJ,0,2
2013091200,NYJ @ NE,0,2
2013091200,NE @ NYJ,0,2
2013091200,NYJ @ NE,1,2
2013091200,NYJ @ NE,1,2
2013091200,NYJ @ NE,1,2
2013091200,NE @ NYJ,0,3
2013091200,NYJ @ NE,0,3
2013091200,NYJ @ NE,1,3
2013091200,NE @ NYJ,1,3
2013091200,NE @ NYJ,0,4
2013091200,NE @ NYJ,0,4
2013091200,NE @ NYJ,0,4
2013091200,NYJ @ NE,1,4
2013091200,NE @ NYJ,1,4
2013091511,NYG @ DEN,0,1
2013091509,ARI @ DET,0,1
2013091511,DEN @ NYG,0,1
2013091501,BAL @ CLE,0,1
2013091500,STL @ ATL,0,1
2013091512,JAC @ OAK,0,1
2013091503,MIN @ CHI,0,1
2013091501,CLE @ BAL,0,1
2013091513,SEA @ SF,0,1
2013091503,MIN @ CHI,0,1
2013091504,GB @ WAS,0,1
2013091500,ATL @ STL,0,1
2013091511,DEN @ NYG,0,1
2013091502,CAR @ BUF,0,1
2013091513,SF @ SEA,0,1
2013091503,CHI @ MIN,0,1
2013091504,WAS @ GB,0,1
2013091500,STL @ ATL,0,1
2013091512,OAK @ JAC,0,1
2013091512,JAC @ OAK,0,1
2013091510,TB @ NO,0,1
2013091503,MIN @ CHI,0,1
2013091509,ARI @ DET,0,1
2013091508,PHI @ SD,0,1
2013091513,SEA @ SF,0,1
2013091513,SF @ SEA,1,1
2013091502,BUF @ CAR,1,1
2013091511,NYG @ DEN,1,1
2013091504,WAS @ GB,1,1
2013091507,KC @ DAL,1,1
2013091501,BAL @ CLE,1,1
2013091509,DET @ ARI,1,1
2013091513,SF @ SEA,1,1
2013091512,JAC @ OAK,1,1
2013091513,SEA @ SF,0,2
2013091501,CLE @ BAL,0,2
2013091505,TEN @ HOU,0,2
2013091507,DAL @ KC,0,2
2013091502,BUF @ CAR,0,2
2013091505,HOU @ TEN,0,2
2013091506,MIA @ IND,0,2
2013091501,BAL @ CLE,0,2
2013091513,SF @ SEA,0,2
2013091506,IND @ MIA,0,2
2013091510,NO @ TB,0,2
2013091500,ATL @ STL,0,2
2013091502,CAR @ BUF,0,2
2013091501,CLE @ BAL,0,2
2013091511,DEN @ NYG,0,2
2013091507,KC @ DAL,0,2
2013091506,IND @ MIA,0,2
2013091510,TB @ NO,0,2
2013091502,CAR @ BUF,0,2
2013091504,WAS @ GB,0,2
2013091506,MIA @ IND,0,2
2013091511,NYG @ DEN,0,2
2013091513,SEA @ SF,0,2
2013091507,KC @ DAL,0,2
2013091501,BAL @ CLE,0,2
2013091503,MIN @ CHI,0,2
2013091507,KC @ DAL,0,2
2013091502,CAR @ BUF,0,2
2013091504,WAS @ GB,0,2
2013091510,TB @ NO,0,2
2013091509,ARI @ DET,1,2
2013091508,PHI @ SD,1,2
2013091510,TB @ NO,1,2
2013091512,JAC @ OAK,1,2
2013091500,STL @ ATL,1,2
2013091506,MIA @ IND,1,2
2013091502,BUF @ CAR,1,2
2013091507,DAL @ KC,1,2
2013091511,DEN @ NYG,1,2
2013091502,CAR @ BUF,1,2
2013091508,PHI @ SD,1,2
2013091505,TEN @ HOU,1,2
2013091507,DAL @ KC,1,2
2013091501,CLE @ BAL,1,2
2013091505,HOU @ TEN,1,2
2013091509,DET @ ARI,1,2
2013091512,OAK @ JAC,1,2
2013091500,ATL @ STL,0,3
2013091510,TB @ NO,0,3
2013091502,CAR @ BUF,0,3
2013091506,IND @ MIA,0,3
2013091509,DET @ ARI,0,3
2013091512,JAC @ OAK,0,3
2013091505,TEN @ HOU,0,3
2013091510,NO @ TB,0,3
2013091512,OAK @ JAC,0,3
2013091508,SD @ PHI,0,3
2013091500,STL @ ATL,0,3
2013091512,JAC @ OAK,0,3
2013091506,IND @ MIA,0,3
2013091500,ATL @ STL,0,3
2013091503,CHI @ MIN,0,3
2013091502,CAR @ BUF,0,3
2013091506,MIA @ IND,0,3
2013091505,TEN @ HOU,0,3
2013091500,STL @ ATL,0,3
2013091509,DET @ ARI,0,3
2013091501,CLE @ BAL,0,3
2013091500,ATL @ STL,0,3
2013091512,OAK @ JAC,0,3
2013091503,CHI @ MIN,0,3
2013091505,TEN @ HOU,0,3
2013091504,WAS @ GB,0,3
2013091505,HOU @ TEN,1,3
2013091501,CLE @ BAL,1,3
2013091500,ATL @ STL,1,3
2013091505,HOU @ TEN,1,3
2013091505,TEN @ HOU,1,3
2013091505,HOU @ TEN,1,3
2013091504,GB @ WAS,1,3
2013091509,ARI @ DET,1,3
2013091511,NYG @ DEN,1,3
2013091500,STL @ ATL,1,3
2013091507,KC @ DAL,0,4
2013091507,KC @ DAL,0,4
2013091512,OAK @ JAC,0,4
2013091501,BAL @ CLE,0,4
2013091506,MIA @ IND,0,4
2013091505,HOU @ TEN,0,4
2013091512,JAC @ OAK,0,4
2013091513,SEA @ SF,0,4
2013091511,DEN @ NYG,0,4
2013091509,ARI @ DET,0,4
2013091507,KC @ DAL,0,4
2013091501,CLE @ BAL,0,4
2013091507,KC @ DAL,0,4
2013091507,KC @ DAL,0,4
2013091504,GB @ WAS,0,4
2013091510,TB @ NO,0,4
2013091511,NYG @ DEN,0,4
2013091505,HOU @ TEN,0,4
2013091505,TEN @ HOU,1,4
2013091505,TEN @ HOU,1,4
2013091509,DET @ ARI,1,4
2013091510,NO @ TB,1,4
2013091507,DAL @ KC,1,4
2013091510,NO @ TB,1,4
2013091501,CLE @ BAL,1,4
2013091512,JAC @ OAK,1,4
2013091501,BAL @ CLE,1,4
2013091600,CIN @ PIT,0,1
2013091600,PIT @ CIN,1,1
2013091600,CIN @ PIT,1,1
2013091600,PIT @ CIN,1,1
2013091600,PIT @ CIN,0,2
2013091600,CIN @ PIT,0,2
2013091600,PIT @ CIN,0,2
2013091600,CIN @ PIT,1,2
2013091600,CIN @ PIT,0,3
2013091600,PIT @ CIN,0,3
2013091600,PIT @ CIN,0,3
2013091600,CIN @ PIT,0,3
2013091600,CIN @ PIT,0,4
2013091600,PIT @ CIN,1,4
2013091900,KC @ PHI,0,1
2013091900,PHI @ KC,0,1
2013091900,KC @ PHI,0,1
2013091900,KC @ PHI,1,1
2013091900,PHI @ KC,0,2
2013091900,PHI @ KC,1,2
2013091900,KC @ PHI,0,3
2013091900,KC @ PHI,1,3
2013091900,PHI @ KC,1,3
2013092202,STL @ DAL,0,1
2013092210,NYG @ CAR,0,1
2013092205,NYJ @ BUF,0,1
2013092211,SF @ IND,0,1
2013092200,BAL @ HOU,0,1
2013092208,SD @ TEN,0,1
2013092207,ARI @ NO,0,1
2013092204,MIN @ CLE,0,1
2013092209,WAS @ DET,0,1
2013092201,GB @ CIN,0,1
2013092213,PIT @ CHI,0,1
2013092200,HOU @ BAL,0,1
2013092203,MIA @ ATL,0,1
2013092212,SEA @ JAC,0,1
2013092205,BUF @ NYJ,0,1
2013092201,CIN @ GB,0,1
2013092200,BAL @ HOU,0,1
2013092205,NYJ @ BUF,0,1
2013092201,GB @ CIN,0,1
2013092204,MIN @ CLE,0,1
2013092208,TEN @ SD,0,1
2013092208,TEN @ SD,0,1
2013092204,CLE @ MIN,0,1
2013092211,IND @ SF,0,1
2013092209,WAS @ DET,0,1
2013092211,SF @ IND,0,1
2013092210,NYG @ CAR,0,1
2013092202,STL @ DAL,0,1
2013092209,DET @ WAS,0,1
2013092210,NYG @ CAR,0,1
2013092206,NE @ TB,0,1
2013092202,STL @ DAL,0,1
2013092206,NE @ TB,1,1
2013092212,JAC @ SEA,1,1
2013092211,IND @ SF,1,1
2013092202,STL @ DAL,1,1
2013092212,JAC @ SEA,1,1
2013092205,BUF @ NYJ,1,1
2013092210,NYG @ CAR,1,1
2013092210,CAR @ NYG,1,1
2013092212,JAC @ SEA,1,1
2013092208,TEN @ SD,1,1
2013092212,SEA @ JAC,1,1
2013092213,CHI @ PIT,0,2
2013092211,IND @ SF,0,2
2013092207,ARI @ NO,0,2
2013092202,DAL @ STL,0,2
2013092200,HOU @ BAL,0,2
2013092205,NYJ @ BUF,0,2
2013092207,ARI @ NO,0,2
2013092213,PIT @ CHI,0,2
2013092204,MIN @ CLE,0,2
2013092202,DAL @ STL,0,2
2013092210,NYG @ CAR,0,2
2013092213,CHI @ PIT,0,2
2013092212,JAC @ SEA,0,2
2013092201,CIN @ GB,0,2
2013092207,NO @ ARI,0,2
2013092202,STL @ DAL,0,2
2013092213,PIT @ CHI,0,2
2013092207,ARI @ NO,0,2
2013092207,NO @ ARI,0,2
2013092213,CHI @ PIT,0,2
2013092208,SD @ TEN,0,2
2013092207,ARI @ NO,0,2
2013092212,JAC @ SEA,0,2
2013092201,GB @ CIN,0,2
2013092211,IND @ SF,0,2
2013092210,NYG @ CAR,0,2
2013092207,NO @ ARI,0,2
2013092205,BUF @ NYJ,1,2
2013092207,NO @ ARI,1,2
2013092202,STL @ DAL,1,2
2013092211,SF @ IND,1,2
2013092207,ARI @ NO,1,2
2013092209,DET @ WAS,1,2
2013092200,HOU @ BAL,1,2
2013092200,BAL @ HOU,1,2
2013092211,SF @ IND,1,2
2013092212,JAC @ SEA,1,2
2013092204,CLE @ MIN,34,2
2013092213,CHI @ PIT,0,3
2013092200,HOU @ BAL,0,3
2013092205,BUF @ NYJ,0,3
2013092204,CLE @ MIN,0,3
2013092210,NYG @ CAR,0,3
2013092203,MIA @ ATL,0,3
2013092211,SF @ IND,0,3
2013092209,DET @ WAS,0,3
2013092213,CHI @ PIT,0,3
2013092212,JAC @ SEA,0,3
2013092200,BAL @ HOU,0,3
2013092203,ATL @ MIA,0,3
2013092204,MIN @ CLE,0,3
2013092212,SEA @ JAC,0,3
2013092203,ATL @ MIA,0,3
2013092209,WAS @ DET,0,3
2013092201,CIN @ GB,0,3
2013092200,HOU @ BAL,0,3
2013092207,ARI @ NO,0,3
2013092212,JAC @ SEA,0,3
2013092204,CLE @ MIN,0,3
2013092208,SD @ TEN,0,3
2013092211,SF @ IND,0,3
2013092205,BUF @ NYJ,0,3
2013092209,WAS @ DET,1,3
2013092207,ARI @ NO,1,3
2013092206,TB @ NE,1,3
2013092204,MIN @ CLE,1,3
2013092209,DET @ WAS,1,3
2013092206,TB @ NE,1,3
2013092205,NYJ @ BUF,0,4
2013092209,DET @ WAS,0,4
2013092209,DET @ WAS,0,4
2013092213,CHI @ PIT,0,4
2013092210,CAR @ NYG,0,4
2013092208,SD @ TEN,0,4
2013092204,MIN @ CLE,0,4
2013092202,DAL @ STL,0,4
2013092204,CLE @ MIN,0,4
2013092205,BUF @ NYJ,0,4
2013092205,NYJ @ BUF,0,4
2013092204,MIN @ CLE,0,4
2013092206,TB @ NE,0,4
2013092209,WAS @ DET,0,4
2013092204,CLE @ MIN,0,4
2013092203,MIA @ ATL,0,4
2013092208,SD @ TEN,0,4
2013092211,SF @ IND,0,4
2013092208,TEN @ SD,0,4
2013092212,SEA @ JAC,0,4
2013092202,DAL @ STL,0,4
2013092209,DET @ WAS,0,4
2013092210,CAR @ NYG,0,4
2013092205,NYJ @ BUF,1,4
2013092205,BUF @ NYJ,1,4
2013092205,NYJ @ BUF,1,4
2013092300,DEN @ OAK,0,1
2013092300,OAK @ DEN,0,1
2013092300,OAK @ DEN,1,1
2013092300,OAK @ DEN,1,1
2013092300,OAK @ DEN,0,2
2013092300,OAK @ DEN,0,2
2013092300,OAK @ DEN,0,3
2013092600,STL @ SF,0,1
2013092600,SF @ STL,0,1
2013092600,STL @ SF,0,1
2013092600,STL @ SF,0,2
2013092600,STL @ SF,0,2
2013092600,SF @ STL,0,2
2013092600,SF @ STL,0,2
2013092600,STL @ SF,0,3
2013092600,STL @ SF,0,3
2013092600,STL @ SF,0,3
2013092600,STL @ SF,0,3
2013092600,SF @ STL,1,3
2013092600,SF @ STL,1,3
2013092600,SF @ STL,0,4
2013092600,STL @ SF,0,4
2013092600,STL @ SF,0,4
2013092600,STL @ SF,0,4
2013092600,SF @ STL,1,4
2013092600,SF @ STL,1,4
2013092907,ARI @ TB,0,1
2013092906,MIN @ PIT,0,1
2013092900,BAL @ BUF,0,1
2013092906,PIT @ MIN,0,1
2013092907,TB @ ARI,0,1
2013092911,SD @ DAL,0,1
2013092906,MIN @ PIT,0,1
2013092903,SEA @ HOU,0,1
2013092904,JAC @ IND,0,1
2013092912,ATL @ NE,0,1
2013092905,NYG @ KC,0,1
2013092911,DAL @ SD,0,1
2013092904,IND @ JAC,0,1
2013092912,NE @ ATL,0,1
2013092905,NYG @ KC,0,1
2013092910,WAS @ OAK,0,1
2013092901,CIN @ CLE,0,1
2013092906,PIT @ MIN,0,1
2013092908,NYJ @ TEN,0,1
2013092905,NYG @ KC,0,1
2013092907,TB @ ARI,0,1
2013092910,WAS @ OAK,0,1
2013092910,OAK @ WAS,0,1
2013092911,SD @ DAL,0,1
2013092905,KC @ NYG,0,1
2013092911,DAL @ SD,0,1
2013092910,WAS @ OAK,0,1
2013092904,JAC @ IND,1,1
2013092907,ARI @ TB,1,1
2013092911,DAL @ SD,1,1
2013092900,BAL @ BUF,1,1
2013092902,DET @ CHI,1,1
2013092904,IND @ JAC,1,1
2013092903,HOU @ SEA,1,1
2013092901,CLE @ CIN,1,1
2013092907,ARI @ TB,1,1
2013092909,PHI @ DEN,1,1
2013092907,ARI @ TB,0,2
2013092909,DEN @ PHI,0,2
2013092904,JAC @ IND,0,2
2013092910,WAS @ OAK,0,2
2013092900,BUF @ BAL,0,2
2013092903,SEA @ HOU,0,2
2013092908,TEN @ NYJ,0,2
2013092902,CHI @ DET,0,2
2013092901,CIN @ CLE,0,2
2013092909,PHI @ DEN,0,2
2013092900,BAL @ BUF,0,2
2013092902,CHI @ DET,0,2
2013092900,BUF @ BAL,0,2
2013092907,ARI @ TB,0,2
2013092904,JAC @ IND,0,2
2013092907,TB @ ARI,0,2
2013092900,BAL @ BUF,0,2
2013092910,OAK @ WAS,0,2
2013092907,ARI @ TB,0,2
2013092905,KC @ NYG,0,2
2013092907,TB @ ARI,0,2
2013092903,SEA @ HOU,0,2
2013092900,BUF @ BAL,0,2
2013092906,PIT @ MIN,0,2
2013092910,OAK @ WAS,1,2
2013092901,CLE @ CIN,1,2
2013092905,NYG @ KC,1,2
2013092900,BUF @ BAL,1,2
2013092902,CHI @ DET,1,2
2013092911,SD @ DAL,1,2
2013092904,JAC @ IND,1,2
2013092900,BAL @ BUF,1,2
2013092908,TEN @ NYJ,1,2
2013092909,DEN @ PHI,1,2
2013092910,OAK @ WAS,19,2
2013092900,BAL @ BUF,0,3
2013092905,NYG @ KC,0,3
2013092903,HOU @ SEA,0,3
2013092910,OAK @ WAS,0,3
2013092906,MIN @ PIT,0,3
2013092905,NYG @ KC,0,3
2013092912,ATL @ NE,0,3
2013092908,TEN @ NYJ,0,3
2013092906,PIT @ MIN,0,3
2013092907,TB @ ARI,0,3
2013092908,NYJ @ TEN,0,3
2013092903,SEA @ HOU,0,3
2013092908,TEN @ NYJ,0,3
2013092900,BUF @ BAL,0,3
2013092911,DAL @ SD,0,3
2013092903,HOU @ SEA,0,3
2013092909,PHI @ DEN,0,3
2013092908,TEN @ NYJ,0,3
2013092900,BUF @ BAL,0,3
2013092901,CLE @ CIN,0,3
2013092905,NYG @ KC,0,3
2013092904,JAC @ IND,0,3
2013092910,OAK @ WAS,0,3
2013092908,NYJ @ TEN,0,3
2013092902,DET @ CHI,0,3
2013092912,ATL @ NE,0,3
2013092900,BAL @ BUF,0,3
2013092907,TB @ ARI,0,3
2013092903,SEA @ HOU,0,3
2013092902,CHI @ DET,0,3
2013092900,BUF @ BAL,0,3
2013092900,BUF @ BAL,0,3
2013092905,NYG @ KC,0,3
2013092905,KC @ NYG,1,3
2013092909,PHI @ DEN,1,3
2013092905,NYG @ KC,1,3
2013092902,DET @ CHI,1,3
2013092908,NYJ @ TEN,1,3
2013092905,KC @ NYG,1,3
2013092901,CIN @ CLE,1,3
2013092908,TEN @ NYJ,1,3
2013092910,WAS @ OAK,1,3
2013092904,JAC @ IND,1,3
2013092912,NE @ ATL,1,3
2013092910,OAK @ WAS,1,3
2013092903,HOU @ SEA,0,4
2013092910,WAS @ OAK,0,4
2013092911,SD @ DAL,0,4
2013092906,MIN @ PIT,0,4
2013092900,BUF @ BAL,0,4
2013092901,CLE @ CIN,0,4
2013092908,NYJ @ TEN,0,4
2013092901,CLE @ CIN,0,4
2013092907,ARI @ TB,0,4
2013092904,IND @ JAC,0,4
2013092900,BUF @ BAL,0,4
2013092907,TB @ ARI,0,4
2013092907,TB @ ARI,0,4
2013092911,DAL @ SD,0,4
2013092910,OAK @ WAS,0,4
2013092901,CIN @ CLE,0,4
2013092908,TEN @ NYJ,0,4
2013092902,CHI @ DET,0,4
2013092910,WAS @ OAK,0,4
2013092909,PHI @ DEN,0,4
2013092901,CLE @ CIN,0,4
2013092907,TB @ ARI,1,4
2013092903,HOU @ SEA,1,4
2013092910,WAS @ OAK,1,4
2013092907,TB @ ARI,22,4
2013092903,HOU @ SEA,0,5
2013092903,SEA @ HOU,0,5
2013092903,HOU @ SEA,0,5
2013092903,HOU @ SEA,1,5
2013093000,MIA @ NO,0,1
2013093000,NO @ MIA,0,1
2013093000,NO @ MIA,0,2
2013093000,NO @ MIA,1,2
2013093000,MIA @ NO,0,3
2013093000,MIA @ NO,1,3
2013093000,MIA @ NO,1,3
2013100300,CLE @ BUF,0,1
2013100300,CLE @ BUF,0,1
2013100300,BUF @ CLE,1,1
2013100300,CLE @ BUF,1,1
2013100300,BUF @ CLE,0,2
2013100300,BUF @ CLE,0,2
2013100300,BUF @ CLE,1,2
2013100300,BUF @ CLE,1,2
2013100300,CLE @ BUF,0,3
2013100300,BUF @ CLE,0,3
2013100300,BUF @ CLE,1,3
2013100300,CLE @ BUF,1,3
2013100300,CLE @ BUF,0,4
2013100300,BUF @ CLE,1,4
2013100300,BUF @ CLE,1,4
2013100605,PHI @ NYG,0,1
2013100604,BAL @ MIA,0,1
2013100605,NYG @ PHI,0,1
2013100603,SEA @ IND,0,1
2013100600,CHI @ NO,0,1
2013100601,NE @ CIN,0,1
2013100608,ARI @ CAR,0,1
2013100603,IND @ SEA,0,1
2013100604,MIA @ BAL,0,1
2013100606,JAC @ STL,0,1
2013100607,TEN @ KC,0,1
2013100606,STL @ JAC,0,1
2013100604,BAL @ MIA,0,1
2013100601,CIN @ NE,0,1
2013100607,KC @ TEN,0,1
2013100602,DET @ GB,0,1
2013100610,SD @ OAK,0,1
2013100607,TEN @ KC,0,1
2013100607,KC @ TEN,0,1
2013100606,STL @ JAC,0,1
2013100600,CHI @ NO,0,1
2013100601,NE @ CIN,0,1
2013100603,IND @ SEA,0,1
2013100606,JAC @ STL,0,1
2013100605,PHI @ NYG,0,1
2013100602,DET @ GB,1,1
2013100607,TEN @ KC,1,1
2013100607,KC @ TEN,1,1
2013100606,STL @ JAC,1,1
2013100601,NE @ CIN,1,1
2013100604,MIA @ BAL,1,1
2013100603,IND @ SEA,1,1
2013100601,CIN @ NE,1,1
2013100604,MIA @ BAL,1,1
2013100601,CIN @ NE,0,2
2013100610,OAK @ SD,0,2
2013100601,NE @ CIN,0,2
2013100605,NYG @ PHI,0,2
2013100608,ARI @ CAR,0,2
2013100610,SD @ OAK,0,2
2013100604,BAL @ MIA,0,2
2013100602,GB @ DET,0,2
2013100604,MIA @ BAL,0,2
2013100606,JAC @ STL,0,2
2013100610,OAK @ SD,0,2
2013100606,STL @ JAC,0,2
2013100602,DET @ GB,0,2
2013100602,DET @ GB,0,2
2013100601,CIN @ NE,0,2
2013100605,NYG @ PHI,0,2
2013100611,SF @ HOU,0,2
2013100607,TEN @ KC,0,2
2013100600,NO @ CHI,0,2
2013100608,CAR @ ARI,0,2
2013100611,HOU @ SF,0,2
2013100600,CHI @ NO,0,2
2013100604,MIA @ BAL,0,2
2013100608,CAR @ ARI,0,2
2013100600,NO @ CHI,0,2
2013100611,SF @ HOU,1,2
2013100611,HOU @ SF,1,2
2013100609,DAL @ DEN,1,2
2013100604,BAL @ MIA,1,2
2013100600,CHI @ NO,1,2
2013100606,JAC @ STL,1,2
2013100607,KC @ TEN,1,2
2013100601,NE @ CIN,1,2
2013100608,ARI @ CAR,1,2
2013100607,TEN @ KC,1,2
2013100605,NYG @ PHI,1,2
2013100600,NO @ CHI,0,3
2013100601,NE @ CIN,0,3
2013100604,MIA @ BAL,0,3
2013100610,OAK @ SD,0,3
2013100602,DET @ GB,0,3
2013100605,PHI @ NYG,0,3
2013100606,JAC @ STL,0,3
2013100604,MIA @ BAL,0,3
2013100611,SF @ HOU,0,3
2013100605,PHI @ NYG,0,3
2013100601,NE @ CIN,0,3
2013100610,OAK @ SD,0,3
2013100602,GB @ DET,0,3
2013100606,STL @ JAC,0,3
2013100611,SF @ HOU,0,3
2013100606,STL @ JAC,1,3
2013100602,DET @ GB,1,3
2013100611,HOU @ SF,1,3
2013100606,STL @ JAC,1,3
2013100607,KC @ TEN,1,3
2013100608,CAR @ ARI,1,3
2013100605,NYG @ PHI,1,3
2013100601,CIN @ NE,1,3
2013100602,GB @ DET,0,4
2013100600,NO @ CHI,0,4
2013100610,OAK @ SD,0,4
2013100601,NE @ CIN,0,4
2013100605,NYG @ PHI,0,4
2013100605,PHI @ NYG,0,4
2013100605,PHI @ NYG,0,4
2013100604,BAL @ MIA,0,4
2013100603,SEA @ IND,0,4
2013100607,KC @ TEN,0,4
2013100605,PHI @ NYG,0,4
2013100605,PHI @ NYG,0,4
2013100608,ARI @ CAR,0,4
2013100605,NYG @ PHI,0,4
2013100602,DET @ GB,0,4
2013100601,CIN @ NE,1,4
2013100604,MIA @ BAL,1,4
2013100608,CAR @ ARI,1,4
2013100607,TEN @ KC,1,4
2013100610,OAK @ SD,1,4
2013100700,ATL @ NYJ,1,1
2013100700,ATL @ NYJ,1,2
2013100700,NYJ @ ATL,0,3
2013100700,NYJ @ ATL,1,3
2013100700,ATL @ NYJ,0,4
2013100700,NYJ @ ATL,1,4
2013101000,NYG @ CHI,0,2
2013101000,CHI @ NYG,0,3
2013101000,NYG @ CHI,0,3
2013101000,CHI @ NYG,0,4
2013101000,NYG @ CHI,0,4
2013101000,CHI @ NYG,0,4
2013101309,SEA @ TEN,0,1
2013101302,DET @ CLE,0,1
2013101304,KC @ OAK,0,1
2013101307,TB @ PHI,0,1
2013101302,CLE @ DET,0,1
2013101309,SEA @ TEN,0,1
2013101300,GB @ BAL,0,1
2013101300,BAL @ GB,0,1
2013101304,OAK @ KC,0,1
2013101311,SF @ ARI,0,1
2013101304,KC @ OAK,0,1
2013101300,GB @ BAL,0,1
2013101311,ARI @ SF,0,1
2013101303,HOU @ STL,0,1
2013101308,JAC @ DEN,0,1
2013101302,DET @ CLE,0,1
2013101309,SEA @ TEN,0,1
2013101306,NYJ @ PIT,0,1
2013101307,TB @ PHI,0,1
2013101303,STL @ HOU,0,1
2013101311,ARI @ SF,0,1
2013101305,MIN @ CAR,1,1
2013101307,PHI @ TB,1,1
2013101300,BAL @ GB,1,1
2013101307,PHI @ TB,1,1
2013101310,NE @ NO,1,1
2013101302,CLE @ DET,1,1
2013101310,NO @ NE,1,1
2013101306,PIT @ NYJ,1,1
2013101304,OAK @ KC,1,1
2013101300,BAL @ GB,1,1
2013101311,SF @ ARI,1,1
2013101304,KC @ OAK,1,1
2013101309,TEN @ SEA,1,1
2013101306,PIT @ NYJ,1,1
2013101308,JAC @ DEN,1,1
2013101307,PHI @ TB,0,2
2013101311,ARI @ SF,0,2
2013101301,BUF @ CIN,0,2
2013101300,GB @ BAL,0,2
2013101310,NO @ NE,0,2
2013101304,OAK @ KC,0,2
2013101312,WAS @ DAL,0,2
2013101312,WAS @ DAL,0,2
2013101311,ARI @ SF,0,2
2013101300,BAL @ GB,0,2
2013101306,NYJ @ PIT,0,2
2013101300,GB @ BAL,0,2
2013101311,SF @ ARI,0,2
2013101310,NO @ NE,0,2
2013101302,DET @ CLE,0,2
2013101300,BAL @ GB,0,2
2013101312,WAS @ DAL,0,2
2013101306,NYJ @ PIT,0,2
2013101308,JAC @ DEN,0,2
2013101304,KC @ OAK,0,2
2013101302,DET @ CLE,0,2
2013101307,PHI @ TB,0,2
2013101308,DEN @ JAC,0,2
2013101304,OAK @ KC,0,2
2013101300,BAL @ GB,0,2
2013101305,CAR @ MIN,0,2
2013101304,OAK @ KC,1,2
2013101302,DET @ CLE,1,2
2013101300,BAL @ GB,1,2
2013101311,ARI @ SF,1,2
2013101308,DEN @ JAC,1,2
2013101310,NE @ NO,1,2
2013101304,KC @ OAK,1,2
2013101312,DAL @ WAS,1,2
2013101309,TEN @ SEA,1,2
2013101300,GB @ BAL,1,2
2013101305,MIN @ CAR,1,2
2013101307,TB @ PHI,1,2
2013101310,NO @ NE,1,2
2013101300,GB @ BAL,1,2
2013101309,TEN @ SEA,0,3
2013101309,TEN @ SEA,0,3
2013101308,JAC @ DEN,0,3
2013101307,PHI @ TB,0,3
2013101306,NYJ @ PIT,0,3
2013101312,DAL @ WAS,0,3
2013101312,WAS @ DAL,0,3
2013101306,PIT @ NYJ,0,3
2013101311,SF @ ARI,0,3
2013101307,TB @ PHI,0,3
2013101302,CLE @ DET,0,3
2013101301,BUF @ CIN,0,3
2013101310,NE @ NO,0,3
2013101309,TEN @ SEA,0,3
2013101311,SF @ ARI,0,3
2013101302,CLE @ DET,0,3
2013101303,HOU @ STL,0,3
2013101306,NYJ @ PIT,0,3
2013101304,OAK @ KC,1,3
2013101310,NO @ NE,1,3
2013101312,DAL @ WAS,1,3
2013101300,BAL @ GB,1,3
2013101305,MIN @ CAR,1,3
2013101304,OAK @ KC,1,3
2013101300,BAL @ GB,1,3
2013101306,NYJ @ PIT,1,3
2013101308,DEN @ JAC,35,3
2013101301,CIN @ BUF,0,4
2013101312,DAL @ WAS,0,4
2013101306,PIT @ NYJ,0,4
2013101306,PIT @ NYJ,0,4
2013101310,NO @ NE,0,4
2013101311,SF @ ARI,0,4
2013101301,CIN @ BUF,0,4
2013101305,CAR @ MIN,0,4
2013101304,KC @ OAK,0,4
2013101304,OAK @ KC,0,4
2013101305,MIN @ CAR,0,4
2013101301,BUF @ CIN,0,4
2013101306,NYJ @ PIT,0,4
2013101301,CIN @ BUF,0,4
2013101302,CLE @ DET,0,4
2013101306,NYJ @ PIT,0,4
2013101304,KC @ OAK,0,4
2013101301,CIN @ BUF,0,4
2013101305,CAR @ MIN,0,4
2013101301,BUF @ CIN,0,4
2013101303,STL @ HOU,1,4
2013101308,DEN @ JAC,1,4
2013101312,DAL @ WAS,1,4
2013101306,PIT @ NYJ,1,4
2013101306,PIT @ NYJ,1,4
2013101307,TB @ PHI,1,4
2013101303,STL @ HOU,1,4
2013101304,OAK @ KC,1,4
2013101310,NE @ NO,1,4
2013101304,KC @ OAK,1,4
2013101302,CLE @ DET,1,4
2013101301,CIN @ BUF,0,5
2013101301,BUF @ CIN,1,5
2013101400,IND @ SD,0,1
2013101400,SD @ IND,0,1
2013101400,IND @ SD,0,1
2013101400,SD @ IND,1,1
2013101400,IND @ SD,0,2
2013101400,IND @ SD,0,3
2013101400,IND @ SD,0,4
2013101400,SD @ IND,0,4
2013101700,ARI @ SEA,1,1
2013101700,ARI @ SEA,0,2
2013101700,ARI @ SEA,0,3
2013101700,SEA @ ARI,0,3
2013101700,SEA @ ARI,0,4
2013101700,SEA @ ARI,0,4
2013101700,ARI @ SEA,0,4
2013102003,CLE @ GB,0,1
2013102008,DAL @ PHI,0,1
2013102012,IND @ DEN,0,1
2013102010,TEN @ SF,0,1
2013102010,TEN @ SF,0,1
2013102000,TB @ ATL,0,1
2013102004,JAC @ SD,0,1
2013102008,DAL @ PHI,0,1
2013102009,WAS @ CHI,0,1
2013102006,MIA @ BUF,0,1
2013102008,PHI @ DAL,0,1
2013102000,TB @ ATL,0,1
2013102009,CHI @ WAS,0,1
2013102006,BUF @ MIA,0,1
2013102001,CAR @ STL,0,1
2013102012,DEN @ IND,0,1
2013102003,CLE @ GB,0,1
2013102008,DAL @ PHI,0,1
2013102012,DEN @ IND,0,1
2013102010,TEN @ SF,0,1
2013102006,MIA @ BUF,0,1
2013102012,IND @ DEN,0,1
2013102005,KC @ HOU,0,1
2013102003,CLE @ GB,0,1
2013102002,CIN @ DET,1,1
2013102012,DEN @ IND,1,1
2013102008,PHI @ DAL,1,1
2013102000,ATL @ TB,1,1
2013102006,MIA @ BUF,1,1
2013102012,IND @ DEN,1,1
2013102011,BAL @ PIT,1,1
2013102002,DET @ CIN,1,1
2013102011,PIT @ BAL,1,1
2013102000,ATL @ TB,1,1
2013102001,STL @ CAR,1,1
2013102008,PHI @ DAL,1,1
2013102007,NE @ NYJ,0,2
2013102001,STL @ CAR,0,2
2013102007,NYJ @ NE,0,2
2013102008,DAL @ PHI,0,2
2013102006,MIA @ BUF,0,2
2013102007,NE @ NYJ,0,2
2013102012,IND @ DEN,0,2
2013102007,NYJ @ NE,0,2
2013102011,BAL @ PIT,0,2
2013102011,BAL @ PIT,0,2
2013102012,DEN @ IND,0,2
2013102000,TB @ ATL,0,2
2013102009,WAS @ CHI,0,2
2013102005,HOU @ KC,0,2
2013102006,MIA @ BUF,0,2
2013102008,DAL @ PHI,0,2
2013102009,CHI @ WAS,0,2
2013102006,BUF @ MIA,0,2
2013102012,IND @ DEN,0,2
2013102007,NE @ NYJ,0,2
2013102012,IND @ DEN,0,2
2013102009,WAS @ CHI,0,2
2013102008,PHI @ DAL,0,2
2013102010,TEN @ SF,0,2
2013102009,CHI @ WAS,0,2
2013102008,DAL @ PHI,0,2
2013102008,PHI @ DAL,0,2
2013102006,BUF @ MIA,1,2
2013102012,DEN @ IND,1,2
2013102008,PHI @ DAL,1,2
2013102008,PHI @ DAL,1,2
2013102007,NYJ @ NE,1,2
2013102003,GB @ CLE,1,2
2013102005,KC @ HOU,1,2
2013102006,BUF @ MIA,1,2
2013102010,SF @ TEN,1,2
2013102010,SF @ TEN,0,3
2013102003,GB @ CLE,0,3
2013102003,GB @ CLE,0,3
2013102002,DET @ CIN,0,3
2013102000,TB @ ATL,0,3
2013102010,TEN @ SF,0,3
2013102010,SF @ TEN,0,3
2013102010,TEN @ SF,0,3
2013102008,PHI @ DAL,0,3
2013102008,DAL @ PHI,0,3
2013102003,GB @ CLE,0,3
2013102012,DEN @ IND,0,3
2013102000,ATL @ TB,0,3
2013102008,PHI @ DAL,0,3
2013102012,IND @ DEN,0,3
2013102012,IND @ DEN,0,3
2013102009,WAS @ CHI,0,3
2013102003,CLE @ GB,0,3
2013102007,NYJ @ NE,0,3
2013102012,DEN @ IND,0,3
2013102011,BAL @ PIT,0,3
2013102012,IND @ DEN,0,3
2013102004,JAC @ SD,0,3
2013102000,TB @ ATL,0,3
2013102006,BUF @ MIA,0,3
2013102012,DEN @ IND,0,3
2013102007,NE @ NYJ,1,3
2013102007,NE @ NYJ,1,3
2013102005,HOU @ KC,1,3
2013102007,NE @ NYJ,1,3
2013102003,GB @ CLE,0,4
2013102002,DET @ CIN,0,4
2013102012,IND @ DEN,0,4
2013102002,CIN @ DET,0,4
2013102012,IND @ DEN,0,4
2013102005,KC @ HOU,0,4
2013102012,IND @ DEN,0,4
2013102007,NYJ @ NE,0,4
2013102004,SD @ JAC,0,4
2013102000,ATL @ TB,0,4
2013102001,STL @ CAR,0,4
2013102008,DAL @ PHI,0,4
2013102006,MIA @ BUF,0,4
2013102002,DET @ CIN,0,4
2013102010,SF @ TEN,0,4
2013102007,NE @ NYJ,0,4
2013102009,WAS @ CHI,0,4
2013102012,IND @ DEN,0,4
2013102010,SF @ TEN,0,4
2013102010,TEN @ SF,0,4
2013102005,KC @ HOU,0,4
2013102010,SF @ TEN,0,4
2013102006,BUF @ MIA,0,4
2013102004,SD @ JAC,0,4
2013102005,HOU @ KC,0,4
2013102006,MIA @ BUF,0,4
2013102001,STL @ CAR,0,4
2013102002,CIN @ DET,0,4
2013102001,CAR @ STL,1,4
2013102008,DAL @ PHI,1,4
2013102006,BUF @ MIA,1,4
2013102005,HOU @ KC,1,4
2013102004,SD @ JAC,1,4
2013102001,CAR @ STL,1,4
2013102005,HOU @ KC,1,4
2013102007,NYJ @ NE,1,4
2013102002,CIN @ DET,1,4
2013102004,JAC @ SD,1,4
2013102007,NE @ NYJ,0,5
2013102100,NYG @ MIN,0,1
2013102100,MIN @ NYG,0,1
2013102100,NYG @ MIN,0,2
2013102100,MIN @ NYG,0,2
2013102100,NYG @ MIN,0,2
2013102100,NYG @ MIN,0,2
2013102100,MIN @ NYG,0,2
2013102100,NYG @ MIN,0,2
2013102100,MIN @ NYG,1,2
2013102100,MIN @ NYG,0,3
2013102100,NYG @ MIN,0,3
2013102100,MIN @ NYG,0,3
2013102100,MIN @ NYG,0,3
2013102100,NYG @ MIN,1,3
2013102100,NYG @ MIN,0,4
2013102100,NYG @ MIN,0,4
2013102400,TB @ CAR,0,1
2013102400,CAR @ TB,0,2
2013102400,TB @ CAR,0,2
2013102400,CAR @ TB,1,2
2013102400,CAR @ TB,0,3
2013102400,TB @ CAR,0,3
2013102400,TB @ CAR,1,3
2013102400,CAR @ TB,1,3
2013102400,CAR @ TB,0,4
2013102400,TB @ CAR,0,4
2013102700,DAL @ DET,0,1
2013102705,PHI @ NYG,0,1
2013102703,MIA @ NE,0,1
2013102709,WAS @ DEN,0,1
2013102700,DAL @ DET,0,1
2013102710,MIN @ GB,0,1
2013102706,PIT @ OAK,0,1
2013102705,PHI @ NYG,0,1
2013102701,JAC @ SF,0,1
2013102700,DET @ DAL,0,1
2013102704,NO @ BUF,0,1
2013102708,ATL @ ARI,0,1
2013102709,WAS @ DEN,0,1
2013102707,NYJ @ CIN,0,1
2013102702,CLE @ KC,0,1
2013102706,PIT @ OAK,0,1
2013102700,DAL @ DET,0,1
2013102706,OAK @ PIT,0,1
2013102708,ARI @ ATL,0,1
2013102705,NYG @ PHI,0,1
2013102706,PIT @ OAK,0,1
2013102709,WAS @ DEN,0,1
2013102707,NYJ @ CIN,1,1
2013102701,JAC @ SF,1,1
2013102702,CLE @ KC,1,1
2013102704,BUF @ NO,1,1
2013102703,NE @ MIA,1,1
2013102709,DEN @ WAS,1,1
2013102702,CLE @ KC,1,1
2013102703,MIA @ NE,1,1
2013102708,ATL @ ARI,1,1
2013102700,DET @ DAL,1,1
2013102708,ATL @ ARI,0,2
2013102706,PIT @ OAK,0,2
2013102710,MIN @ GB,0,2
2013102704,BUF @ NO,0,2
2013102701,JAC @ SF,0,2
2013102709,DEN @ WAS,0,2
2013102706,PIT @ OAK,0,2
2013102702,CLE @ KC,0,2
2013102704,NO @ BUF,0,2
2013102706,OAK @ PIT,0,2
2013102700,DET @ DAL,0,2
2013102701,JAC @ SF,0,2
2013102709,WAS @ DEN,0,2
2013102700,DET @ DAL,1,2
2013102708,ARI @ ATL,1,2
2013102701,SF @ JAC,1,2
2013102708,ATL @ ARI,1,2
2013102705,PHI @ NYG,1,2
2013102707,NYJ @ CIN,1,2
2013102700,DAL @ DET,1,2
2013102703,NE @ MIA,1,2
2013102709,DEN @ WAS,1,2
2013102702,KC @ CLE,0,3
2013102703,MIA @ NE,0,3
2013102706,PIT @ OAK,0,3
2013102705,PHI @ NYG,0,3
2013102703,NE @ MIA,0,3
2013102706,OAK @ PIT,0,3
2013102710,MIN @ GB,0,3
2013102709,WAS @ DEN,0,3
2013102705,NYG @ PHI,0,3
2013102700,DAL @ DET,0,3
2013102705,NYG @ PHI,0,3
2013102704,BUF @ NO,0,3
2013102704,NO @ BUF,0,3
2013102708,ARI @ ATL,0,3
2013102707,CIN @ NYJ,0,3
2013102700,DAL @ DET,0,3
2013102707,NYJ @ CIN,0,3
2013102702,CLE @ KC,1,3
2013102703,MIA @ NE,1,3
2013102705,PHI @ NYG,1,3
2013102702,KC @ CLE,1,3
2013102703,NE @ MIA,1,3
2013102708,ARI @ ATL,0,4
2013102706,OAK @ PIT,0,4
2013102705,NYG @ PHI,0,4
2013102706,OAK @ PIT,0,4
2013102707,CIN @ NYJ,0,4
2013102703,NE @ MIA,0,4
2013102700,DAL @ DET,0,4
2013102702,KC @ CLE,0,4
2013102702,KC @ CLE,0,4
2013102702,CLE @ KC,0,4
2013102706,PIT @ OAK,0,4
2013102705,PHI @ NYG,0,4
2013102707,NYJ @ CIN,0,4
2013102706,OAK @ PIT,0,4
2013102704,NO @ BUF,0,4
2013102702,KC @ CLE,0,4
2013102710,MIN @ GB,0,4
2013102708,ARI @ ATL,0,4
2013102706,OAK @ PIT,0,4
2013102709,WAS @ DEN,0,4
2013102702,CLE @ KC,0,4
2013102706,OAK @ PIT,1,4
2013102705,NYG @ PHI,1,4
2013102706,OAK @ PIT,1,4
2013102707,CIN @ NYJ,1,4
2013102709,WAS @ DEN,1,4
2013102800,SEA @ STL,0,1
2013102800,STL @ SEA,0,1
2013102800,SEA @ STL,1,1
2013102800,SEA @ STL,0,2
2013102800,SEA @ STL,0,2
2013102800,STL @ SEA,1,2
2013102800,STL @ SEA,1,2
2013102800,SEA @ STL,1,2
2013102800,STL @ SEA,0,3
2013102800,SEA @ STL,1,3
2013102800,SEA @ STL,1,3
2013102800,SEA @ STL,0,4
2013102800,SEA @ STL,0,4
2013103100,MIA @ CIN,0,1
2013103100,CIN @ MIA,0,1
2013103100,MIA @ CIN,1,1
2013103100,MIA @ CIN,0,2
2013103100,CIN @ MIA,0,2
2013103100,CIN @ MIA,0,2
2013103100,MIA @ CIN,1,4
2013103100,MIA @ CIN,1,4
2013103100,MIA @ CIN,1,4
2013103100,MIA @ CIN,0,5
2013103100,CIN @ MIA,0,5
2013103100,MIA @ CIN,1,5
2013110303,NO @ NYJ,0,1
2013110308,CLE @ BAL,0,1
2013110303,NYJ @ NO,0,1
2013110310,IND @ HOU,0,1
2013110307,SEA @ TB,0,1
2013110300,KC @ BUF,0,1
2013110307,TB @ SEA,0,1
2013110310,IND @ HOU,0,1
2013110309,PIT @ NE,0,1
2013110303,NYJ @ NO,0,1
2013110303,NYJ @ NO,0,1
2013110300,BUF @ KC,0,1
2013110306,OAK @ PHI,0,1
2013110309,NE @ PIT,0,1
2013110306,OAK @ PHI,0,1
2013110302,MIN @ DAL,0,1
2013110302,MIN @ DAL,0,1
2013110305,SD @ WAS,0,1
2013110308,BAL @ CLE,0,1
2013110301,ATL @ CAR,0,1
2013110300,KC @ BUF,0,1
2013110302,DAL @ MIN,1,1
2013110304,TEN @ STL,1,1
2013110301,CAR @ ATL,1,1
2013110308,CLE @ BAL,1,1
2013110306,PHI @ OAK,0,2
2013110306,PHI @ OAK,0,2
2013110304,STL @ TEN,0,2
2013110306,OAK @ PHI,0,2
2013110304,STL @ TEN,0,2
2013110308,CLE @ BAL,0,2
2013110304,TEN @ STL,0,2
2013110308,BAL @ CLE,0,2
2013110310,IND @ HOU,0,2
2013110305,WAS @ SD,0,2
2013110307,SEA @ TB,0,2
2013110306,OAK @ PHI,0,2
2013110305,SD @ WAS,0,2
2013110300,KC @ BUF,0,2
2013110310,HOU @ IND,0,2
2013110302,DAL @ MIN,1,2
2013110300,KC @ BUF,1,2
2013110308,CLE @ BAL,1,2
2013110304,TEN @ STL,1,2
2013110310,HOU @ IND,1,2
2013110301,ATL @ CAR,1,2
2013110308,BAL @ CLE,1,2
2013110310,IND @ HOU,1,2
2013110308,BAL @ CLE,1,2
2013110304,STL @ TEN,0,3
2013110302,DAL @ MIN,0,3
2013110301,CAR @ ATL,0,3
2013110306,PHI @ OAK,0,3
2013110304,TEN @ STL,0,3
2013110308,BAL @ CLE,0,3
2013110304,STL @ TEN,0,3
2013110301,CAR @ ATL,0,3
2013110308,CLE @ BAL,0,3
2013110302,DAL @ MIN,0,3
2013110303,NYJ @ NO,0,3
2013110306,PHI @ OAK,0,3
2013110308,BAL @ CLE,0,3
2013110303,NO @ NYJ,0,3
2013110306,OAK @ PHI,0,3
2013110301,ATL @ CAR,0,3
2013110306,OAK @ PHI,0,3
2013110309,PIT @ NE,1,3
2013110307,TB @ SEA,1,3
2013110302,MIN @ DAL,1,3
2013110306,OAK @ PHI,1,3
2013110305,SD @ WAS,1,3
2013110309,NE @ PIT,1,3
2013110310,IND @ HOU,0,4
2013110310,IND @ HOU,0,4
2013110310,HOU @ IND,0,4
2013110303,NYJ @ NO,0,4
2013110305,WAS @ SD,0,4
2013110304,STL @ TEN,0,4
2013110302,MIN @ DAL,0,4
2013110306,PHI @ OAK,0,4
2013110307,TB @ SEA,0,4
2013110303,NYJ @ NO,0,4
2013110310,HOU @ IND,0,4
2013110301,ATL @ CAR,0,4
2013110308,BAL @ CLE,0,4
2013110300,KC @ BUF,0,4
2013110306,PHI @ OAK,0,4
2013110300,BUF @ KC,0,4
2013110302,DAL @ MIN,0,4
2013110308,CLE @ BAL,0,4
2013110305,WAS @ SD,0,4
2013110307,TB @ SEA,0,4
2013110306,PHI @ OAK,0,4
2013110305,SD @ WAS,0,4
2013110306,OAK @ PHI,0,4
2013110301,ATL @ CAR,0,4
2013110307,TB @ SEA,1,4
2013110304,TEN @ STL,1,4
2013110300,BUF @ KC,1,4
2013110309,PIT @ NE,1,4
2013110300,KC @ BUF,1,4
2013110308,CLE @ BAL,1,4
2013110307,TB @ SEA,1,5
2013110400,CHI @ GB,0,1
2013110400,CHI @ GB,1,1
2013110400,GB @ CHI,0,2
2013110400,CHI @ GB,0,2
2013110400,GB @ CHI,0,2
2013110400,GB @ CHI,0,2
2013110400,CHI @ GB,0,3
2013110400,GB @ CHI,1,3
2013110400,CHI @ GB,1,3
2013110400,GB @ CHI,0,4
2013110400,CHI @ GB,0,4
2013110400,GB @ CHI,0,4
2013110700,MIN @ WAS,0,2
2013110700,WAS @ MIN,0,3
2013110700,WAS @ MIN,0,3
2013110700,WAS @ MIN,0,4
2013110700,WAS @ MIN,1,4
2013111005,NYG @ OAK,0,1
2013111008,SF @ CAR,0,1
2013111006,BUF @ PIT,0,1
2013111002,DET @ CHI,0,1
2013111007,JAC @ TEN,0,1
2013111000,SEA @ ATL,0,1
2013111003,PHI @ GB,0,1
2013111002,CHI @ DET,0,1
2013111008,CAR @ SF,0,1
2013111002,CHI @ DET,0,1
2013111009,ARI @ HOU,0,1
2013111006,BUF @ PIT,0,1
2013111007,TEN @ JAC,0,1
2013111003,GB @ PHI,0,1
2013111006,PIT @ BUF,0,1
2013111000,ATL @ SEA,0,1
2013111001,CIN @ BAL,0,1
2013111004,STL @ IND,0,1
2013111005,OAK @ NYG,0,1
2013111011,DAL @ NO,0,1
2013111007,TEN @ JAC,0,1
2013111004,IND @ STL,0,1
2013111010,SD @ DEN,0,1
2013111007,JAC @ TEN,0,1
2013111011,NO @ DAL,0,1
2013111003,PHI @ GB,0,1
2013111007,TEN @ JAC,0,1
2013111005,NYG @ OAK,0,1
2013111004,IND @ STL,1,1
2013111009,HOU @ ARI,1,1
2013111006,PIT @ BUF,1,1
2013111007,TEN @ JAC,1,1
2013111004,IND @ STL,1,1
2013111008,SF @ CAR,1,1
2013111005,OAK @ NYG,1,1
2013111008,CAR @ SF,1,1
2013111009,ARI @ HOU,1,1
2013111009,HOU @ ARI,1,1
2013111010,SD @ DEN,1,1
2013111000,ATL @ SEA,1,1
2013111001,BAL @ CIN,1,1
2013111001,BAL @ CIN,0,2
2013111006,BUF @ PIT,0,2
2013111011,DAL @ NO,0,2
2013111001,BAL @ CIN,0,2
2013111004,IND @ STL,0,2
2013111009,ARI @ HOU,0,2
2013111000,ATL @ SEA,0,2
2013111005,OAK @ NYG,0,2
2013111001,CIN @ BAL,0,2
2013111006,BUF @ PIT,0,2
2013111004,IND @ STL,0,2
2013111004,IND @ STL,0,2
2013111010,DEN @ SD,0,2
2013111010,SD @ DEN,0,2
2013111010,DEN @ SD,0,2
2013111005,OAK @ NYG,0,2
2013111009,HOU @ ARI,1,2
2013111000,ATL @ SEA,1,2
2013111001,CIN @ BAL,1,2
2013111011,DAL @ NO,1,2
2013111001,BAL @ CIN,1,2
2013111007,TEN @ JAC,1,2
2013111001,CIN @ BAL,1,2
2013111008,SF @ CAR,1,2
2013111008,CAR @ SF,1,2
2013111000,ATL @ SEA,1,2
2013111005,OAK @ NYG,0,3
2013111008,CAR @ SF,0,3
2013111011,DAL @ NO,0,3
2013111010,DEN @ SD,0,3
2013111001,BAL @ CIN,0,3
2013111006,PIT @ BUF,0,3
2013111010,SD @ DEN,0,3
2013111006,BUF @ PIT,0,3
2013111001,CIN @ BAL,0,3
2013111002,CHI @ DET,0,3
2013111007,JAC @ TEN,0,3
2013111011,DAL @ NO,0,3
2013111005,NYG @ OAK,0,3
2013111006,BUF @ PIT,0,3
2013111010,DEN @ SD,0,3
2013111006,PIT @ BUF,0,3
2013111002,DET @ CHI,0,3
2013111010,SD @ DEN,0,3
2013111011,DAL @ NO,0,3
2013111011,DAL @ NO,0,3
2013111002,CHI @ DET,0,3
2013111006,BUF @ PIT,0,3
2013111003,GB @ PHI,0,3
2013111009,ARI @ HOU,0,3
2013111004,STL @ IND,1,3
2013111001,BAL @ CIN,1,3
2013111009,HOU @ ARI,1,3
2013111002,DET @ CHI,1,3
2013111001,BAL @ CIN,1,3
2013111001,BAL @ CIN,1,3
2013111008,SF @ CAR,1,3
2013111004,STL @ IND,1,3
2013111009,HOU @ ARI,1,3
2013111008,CAR @ SF,1,3
2013111008,CAR @ SF,0,4
2013111000,SEA @ ATL,0,4
2013111009,ARI @ HOU,0,4
2013111008,SF @ CAR,0,4
2013111007,JAC @ TEN,0,4
2013111010,SD @ DEN,0,4
2013111009,HOU @ ARI,0,4
2013111004,STL @ IND,0,4
2013111008,CAR @ SF,0,4
2013111002,CHI @ DET,0,4
2013111010,DEN @ SD,0,4
2013111007,JAC @ TEN,0,4
2013111008,SF @ CAR,0,4
2013111007,JAC @ TEN,0,4
2013111006,PIT @ BUF,0,4
2013111011,DAL @ NO,0,4
2013111002,CHI @ DET,0,4
2013111006,BUF @ PIT,0,4
2013111002,DET @ CHI,0,4
2013111007,TEN @ JAC,0,4
2013111001,BAL @ CIN,1,4
2013111011,DAL @ NO,1,4
2013111005,NYG @ OAK,1,4
2013111007,JAC @ TEN,1,4
2013111006,BUF @ PIT,1,4
2013111005,OAK @ NYG,1,4
2013111004,STL @ IND,1,4
2013111009,HOU @ ARI,1,4
2013111008,SF @ CAR,1,4
2013111001,CIN @ BAL,1,4
2013111100,MIA @ TB,0,1
2013111100,MIA @ TB,0,1
2013111100,TB @ MIA,0,2
2013111100,TB @ MIA,0,2
2013111100,MIA @ TB,1,2
2013111100,TB @ MIA,0,3
2013111100,MIA @ TB,0,3
2013111100,TB @ MIA,1,3
2013111100,TB @ MIA,0,4
2013111100,MIA @ TB,0,4
2013111100,MIA @ TB,0,4
2013111400,IND @ TEN,1,1
2013111400,IND @ TEN,0,2
2013111400,TEN @ IND,0,2
2013111400,TEN @ IND,1,3
2013111400,IND @ TEN,0,4
2013111400,TEN @ IND,1,4
2013111703,HOU @ OAK,0,1
2013111700,NYJ @ BUF,0,1
2013111711,SEA @ MIN,0,1
2013111700,BUF @ NYJ,0,1
2013111701,CHI @ BAL,0,1
2013111712,GB @ NYG,0,1
2013111703,OAK @ HOU,0,1
2013111710,SF @ NO,0,1
2013111709,KC @ DEN,0,1
2013111700,BUF @ NYJ,0,1
2013111712,GB @ NYG,0,1
2013111708,ATL @ TB,0,1
2013111702,CIN @ CLE,0,1
2013111710,SF @ NO,0,1
2013111700,NYJ @ BUF,0,1
2013111712,NYG @ GB,0,1
2013111706,PHI @ WAS,0,1
2013111710,NO @ SF,0,1
2013111702,CLE @ CIN,0,1
2013111706,WAS @ PHI,0,1
2013111702,CIN @ CLE,0,1
2013111708,TB @ ATL,0,1
2013111704,ARI @ JAC,1,1
2013111702,CIN @ CLE,1,1
2013111706,WAS @ PHI,1,1
2013111711,MIN @ SEA,1,1
2013111706,WAS @ PHI,1,1
2013111707,DET @ PIT,1,1
2013111703,HOU @ OAK,1,1
2013111710,NO @ SF,1,1
2013111701,CHI @ BAL,1,1
2013111709,DEN @ KC,1,1
2013111709,KC @ DEN,1,1
2013111701,CHI @ BAL,1,1
2013111710,SF @ NO,1,1
2013111709,KC @ DEN,1,1
2013111706,PHI @ WAS,0,2
2013111700,NYJ @ BUF,0,2
2013111706,WAS @ PHI,0,2
2013111712,NYG @ GB,0,2
2013111710,SF @ NO,0,2
2013111707,PIT @ DET,0,2
2013111712,GB @ NYG,0,2
2013111701,CHI @ BAL,0,2
2013111702,CLE @ CIN,0,2
2013111703,OAK @ HOU,0,2
2013111702,CLE @ CIN,0,2
2013111703,HOU @ OAK,0,2
2013111700,BUF @ NYJ,0,2
2013111705,SD @ MIA,0,2
2013111703,HOU @ OAK,0,2
2013111704,JAC @ ARI,0,2
2013111702,CIN @ CLE,0,2
2013111703,OAK @ HOU,0,2
2013111710,SF @ NO,0,2
2013111700,NYJ @ BUF,0,2
2013111704,JAC @ ARI,0,2
2013111701,BAL @ CHI,0,2
2013111702,CLE @ CIN,0,2
2013111703,OAK @ HOU,0,2
2013111710,SF @ NO,1,2
2013111704,ARI @ JAC,1,2
2013111702,CLE @ CIN,1,2
2013111702,CIN @ CLE,1,2
2013111704,JAC @ ARI,1,2
2013111703,OAK @ HOU,1,2
2013111707,PIT @ DET,1,2
2013111705,MIA @ SD,1,2
2013111704,JAC @ ARI,1,2
2013111704,ARI @ JAC,1,2
2013111703,OAK @ HOU,1,2
2013111710,NO @ SF,1,2
2013111702,CLE @ CIN,1,2
2013111704,ARI @ JAC,1,2
2013111704,JAC @ ARI,1,2
2013111707,PIT @ DET,1,2
2013111702,CLE @ CIN,0,3
2013111703,HOU @ OAK,0,3
2013111706,PHI @ WAS,0,3
2013111701,BAL @ CHI,0,3
2013111704,JAC @ ARI,0,3
2013111702,CIN @ CLE,0,3
2013111703,HOU @ OAK,0,3
2013111706,WAS @ PHI,0,3
2013111700,BUF @ NYJ,0,3
2013111701,CHI @ BAL,0,3
2013111706,PHI @ WAS,0,3
2013111702,CIN @ CLE,0,3
2013111700,NYJ @ BUF,0,3
2013111704,JAC @ ARI,0,3
2013111708,ATL @ TB,0,3
2013111700,BUF @ NYJ,0,3
2013111706,WAS @ PHI,0,3
2013111712,GB @ NYG,0,3
2013111702,CIN @ CLE,0,3
2013111711,SEA @ MIN,0,3
2013111709,KC @ DEN,0,3
2013111704,JAC @ ARI,0,3
2013111702,CIN @ CLE,0,3
2013111705,SD @ MIA,0,3
2013111707,DET @ PIT,0,3
2013111707,PIT @ DET,0,3
2013111709,KC @ DEN,0,3
2013111711,SEA @ MIN,0,3
2013111705,MIA @ SD,1,3
2013111711,MIN @ SEA,1,3
2013111704,ARI @ JAC,1,3
2013111709,KC @ DEN,1,3
2013111709,DEN @ KC,1,3
2013111703,HOU @ OAK,1,3
2013111703,HOU @ OAK,1,3
2013111709,DEN @ KC,1,3
2013111711,MIN @ SEA,1,3
2013111703,OAK @ HOU,1,3
2013111707,DET @ PIT,1,3
2013111707,PIT @ DET,1,3
2013111709,DEN @ KC,1,3
2013111712,GB @ NYG,6,3
2013111708,ATL @ TB,14,3
2013111712,NYG @ GB,0,4
2013111709,DEN @ KC,0,4
2013111709,DEN @ KC,0,4
2013111710,SF @ NO,0,4
2013111704,ARI @ JAC,0,4
2013111706,PHI @ WAS,0,4
2013111708,TB @ ATL,0,4
2013111703,OAK @ HOU,0,4
2013111703,OAK @ HOU,0,4
2013111705,SD @ MIA,0,4
2013111712,NYG @ GB,0,4
2013111701,CHI @ BAL,0,4
2013111711,SEA @ MIN,0,4
2013111703,HOU @ OAK,0,4
2013111710,SF @ NO,0,4
2013111703,OAK @ HOU,0,4
2013111712,GB @ NYG,0,4
2013111706,PHI @ WAS,0,4
2013111701,BAL @ CHI,0,4
2013111704,ARI @ JAC,0,4
2013111712,NYG @ GB,0,4
2013111704,JAC @ ARI,0,4
2013111703,OAK @ HOU,0,4
2013111705,SD @ MIA,0,4
2013111709,KC @ DEN,0,4
2013111705,MIA @ SD,0,4
2013111711,SEA @ MIN,0,4
2013111700,NYJ @ BUF,0,4
2013111708,TB @ ATL,1,4
2013111702,CIN @ CLE,1,4
2013111705,MIA @ SD,1,4
2013111709,DEN @ KC,1,4
2013111700,BUF @ NYJ,1,4
2013111704,ARI @ JAC,1,4
2013111708,TB @ ATL,1,4
2013111703,OAK @ HOU,1,4
2013111701,BAL @ CHI,0,5
2013111800,NE @ CAR,0,1
2013111800,CAR @ NE,0,1
2013111800,CAR @ NE,1,4
2013112100,NO @ ATL,0,1
2013112100,ATL @ NO,1,2
2013112100,NO @ ATL,1,2
2013112100,ATL @ NO,0,3
2013112100,NO @ ATL,0,3
2013112100,ATL @ NO,0,3
2013112100,NO @ ATL,0,4
2013112404,HOU @ JAC,0,1
2013112411,NE @ DEN,0,1
2013112409,OAK @ TEN,0,1
2013112406,MIA @ CAR,0,1
2013112404,HOU @ JAC,0,1
2013112406,CAR @ MIA,0,1
2013112404,JAC @ HOU,0,1
2013112401,PIT @ CLE,0,1
2013112404,JAC @ HOU,0,1
2013112404,HOU @ JAC,0,1
2013112410,DAL @ NYG,0,1
2013112408,IND @ ARI,0,1
2013112405,KC @ SD,0,1
2013112410,NYG @ DAL,0,1
2013112410,NYG @ DAL,0,1
2013112403,MIN @ GB,0,1
2013112405,SD @ KC,0,1
2013112400,NYJ @ BAL,0,1
2013112405,KC @ SD,0,1
2013112410,DAL @ NYG,0,1
2013112411,DEN @ NE,0,1
2013112403,GB @ MIN,0,1
2013112402,DET @ TB,0,1
2013112404,JAC @ HOU,1,1
2013112410,NYG @ DAL,1,1
2013112406,MIA @ CAR,1,1
2013112400,BAL @ NYJ,1,1
2013112402,TB @ DET,1,1
2013112404,HOU @ JAC,3,1
2013112411,NE @ DEN,0,2
2013112409,TEN @ OAK,0,2
2013112407,CHI @ STL,0,2
2013112400,NYJ @ BAL,0,2
2013112410,DAL @ NYG,0,2
2013112411,DEN @ NE,0,2
2013112410,NYG @ DAL,0,2
2013112402,TB @ DET,0,2
2013112410,DAL @ NYG,0,2
2013112409,TEN @ OAK,0,2
2013112403,GB @ MIN,0,2
2013112408,ARI @ IND,0,2
2013112411,NE @ DEN,0,2
2013112401,PIT @ CLE,0,2
2013112404,JAC @ HOU,0,2
2013112406,MIA @ CAR,0,2
2013112405,KC @ SD,0,2
2013112408,IND @ ARI,0,2
2013112403,GB @ MIN,0,2
2013112409,TEN @ OAK,0,2
2013112401,CLE @ PIT,0,2
2013112409,OAK @ TEN,0,2
2013112405,SD @ KC,0,2
2013112406,CAR @ MIA,0,2
2013112407,STL @ CHI,0,2
2013112401,PIT @ CLE,0,2
2013112404,HOU @ JAC,0,2
2013112408,IND @ ARI,0,2
2013112403,GB @ MIN,0,2
2013112411,DEN @ NE,0,2
2013112407,CHI @ STL,0,2
2013112411,DEN @ NE,0,2
2013112401,CLE @ PIT,0,2
2013112409,TEN @ OAK,0,2
2013112400,NYJ @ BAL,0,2
2013112402,DET @ TB,1,2
2013112408,IND @ ARI,1,2
2013112401,CLE @ PIT,1,2
2013112406,CAR @ MIA,1,2
2013112405,SD @ KC,1,2
2013112400,NYJ @ BAL,1,2
2013112404,HOU @ JAC,1,2
2013112404,JAC @ HOU,1,2
2013112406,CAR @ MIA,1,2
2013112401,PIT @ CLE,0,3
2013112410,DAL @ NYG,0,3
2013112402,TB @ DET,0,3
2013112406,MIA @ CAR,0,3
2013112403,GB @ MIN,0,3
2013112400,BAL @ NYJ,0,3
2013112405,SD @ KC,0,3
2013112400,NYJ @ BAL,0,3
2013112402,TB @ DET,0,3
2013112403,MIN @ GB,0,3
2013112400,BAL @ NYJ,0,3
2013112402,TB @ DET,0,3
2013112401,CLE @ PIT,0,3
2013112402,DET @ TB,1,3
2013112407,CHI @ STL,1,3
2013112411,DEN @ NE,1,3
2013112406,CAR @ MIA,1,3
2013112408,IND @ ARI,1,3
2013112409,TEN @ OAK,1,3
2013112400,NYJ @ BAL,1,3
2013112403,GB @ MIN,1,3
2013112411,DEN @ NE,0,4
2013112404,JAC @ HOU,0,4
2013112401,PIT @ CLE,0,4
2013112406,MIA @ CAR,0,4
2013112401,PIT @ CLE,0,4
2013112400,BAL @ NYJ,0,4
2013112400,BAL @ NYJ,0,4
2013112410,DAL @ NYG,0,4
2013112402,DET @ TB,0,4
2013112410,NYG @ DAL,0,4
2013112400,NYJ @ BAL,0,4
2013112400,BAL @ NYJ,0,4
2013112410,DAL @ NYG,0,4
2013112406,MIA @ CAR,0,4
2013112407,STL @ CHI,0,4
2013112407,STL @ CHI,0,4
2013112408,ARI @ IND,0,4
2013112403,MIN @ GB,1,4
2013112400,BAL @ NYJ,1,4
2013112411,NE @ DEN,1,4
2013112403,MIN @ GB,1,4
2013112405,SD @ KC,1,4
2013112404,HOU @ JAC,1,4
2013112406,CAR @ MIA,1,4
2013112405,KC @ SD,1,4
2013112403,MIN @ GB,1,4
2013112406,CAR @ MIA,1,4
2013112404,HOU @ JAC,1,4
2013112411,DEN @ NE,1,4
2013112404,JAC @ HOU,1,4
2013112400,NYJ @ BAL,1,4
2013112410,NYG @ DAL,1,4
2013112401,CLE @ PIT,1,4
2013112403,GB @ MIN,0,5
2013112403,MIN @ GB,0,5
2013112411,NE @ DEN,0,5
2013112403,GB @ MIN,0,5
2013112411,DEN @ NE,0,5
2013112411,DEN @ NE,0,5
2013112411,DEN @ NE,0,5
2013112411,NE @ DEN,1,5
2013112500,WAS @ SF,0,1
2013112500,SF @ WAS,0,1
2013112500,WAS @ SF,0,1
2013112500,WAS @ SF,1,1
2013112500,SF @ WAS,1,1
2013112500,SF @ WAS,0,2
2013112500,WAS @ SF,0,3
2013112500,WAS @ SF,1,3
2013112500,SF @ WAS,0,4
2013112500,WAS @ SF,0,4
2013112500,WAS @ SF,0,4
2013112801,DAL @ OAK,0,1
2013112802,PIT @ BAL,0,1
2013112801,OAK @ DAL,0,1
2013112800,GB @ DET,1,1
2013112801,DAL @ OAK,1,1
2013112801,OAK @ DAL,1,1
2013112802,PIT @ BAL,1,1
2013112801,DAL @ OAK,1,1
2013112800,GB @ DET,0,2
2013112802,PIT @ BAL,0,2
2013112800,GB @ DET,0,2
2013112802,BAL @ PIT,0,2
2013112800,GB @ DET,1,2
2013112801,DAL @ OAK,1,2
2013112800,DET @ GB,0,3
2013112801,OAK @ DAL,0,3
2013112802,PIT @ BAL,1,3
2013112801,OAK @ DAL,1,3
2013112801,OAK @ DAL,1,3
2013112800,GB @ DET,1,3
2013112800,GB @ DET,0,4
2013112801,DAL @ OAK,1,4
2013112801,OAK @ DAL,1,4
2013120100,CAR @ TB,0,1
2013120107,BUF @ ATL,0,1
2013120101,JAC @ CLE,0,1
2013120111,WAS @ NYG,0,1
2013120105,NYJ @ MIA,0,1
2013120106,ARI @ PHI,0,1
2013120100,TB @ CAR,0,1
2013120101,CLE @ JAC,0,1
2013120108,STL @ SF,0,1
2013120104,MIN @ CHI,0,1
2013120106,PHI @ ARI,0,1
2013120104,CHI @ MIN,0,1
2013120110,CIN @ SD,0,1
2013120107,ATL @ BUF,0,1
2013120109,HOU @ NE,0,1
2013120102,TEN @ IND,0,1
2013120104,MIN @ CHI,0,1
2013120107,ATL @ BUF,0,1
2013120100,CAR @ TB,0,1
2013120111,NYG @ WAS,1,1
2013120106,PHI @ ARI,1,1
2013120102,TEN @ IND,1,1
2013120110,SD @ CIN,1,1
2013120111,NYG @ WAS,1,1
2013120104,MIN @ CHI,1,1
2013120109,NE @ HOU,1,1
2013120104,CHI @ MIN,1,1
2013120101,JAC @ CLE,1,1
2013120108,STL @ SF,1,1
2013120104,CHI @ MIN,0,2
2013120110,CIN @ SD,0,2
2013120103,KC @ DEN,0,2
2013120109,NE @ HOU,0,2
2013120110,SD @ CIN,0,2
2013120104,MIN @ CHI,0,2
2013120103,DEN @ KC,0,2
2013120102,TEN @ IND,0,2
2013120107,BUF @ ATL,0,2
2013120101,CLE @ JAC,0,2
2013120100,TB @ CAR,0,2
2013120111,NYG @ WAS,0,2
2013120101,JAC @ CLE,0,2
2013120110,SD @ CIN,0,2
2013120105,NYJ @ MIA,0,2
2013120102,IND @ TEN,0,2
2013120111,WAS @ NYG,0,2
2013120104,CHI @ MIN,0,2
2013120110,CIN @ SD,0,2
2013120101,CLE @ JAC,0,2
2013120106,PHI @ ARI,0,2
2013120108,STL @ SF,0,2
2013120105,NYJ @ MIA,0,2
2013120104,MIN @ CHI,0,2
2013120106,ARI @ PHI,0,2
2013120102,IND @ TEN,1,2
2013120105,NYJ @ MIA,1,2
2013120103,KC @ DEN,1,2
2013120106,ARI @ PHI,1,2
2013120101,JAC @ CLE,1,2
2013120111,WAS @ NYG,1,2
2013120100,TB @ CAR,1,2
2013120103,KC @ DEN,1,2
2013120102,TEN @ IND,1,2
2013120103,DEN @ KC,1,2
2013120107,ATL @ BUF,1,2
2013120102,IND @ TEN,0,3
2013120107,BUF @ ATL,0,3
2013120101,JAC @ CLE,0,3
2013120107,ATL @ BUF,0,3
2013120108,STL @ SF,0,3
2013120104,MIN @ CHI,0,3
2013120106,PHI @ ARI,0,3
2013120103,KC @ DEN,0,3
2013120107,BUF @ ATL,0,3
2013120111,WAS @ NYG,0,3
2013120103,KC @ DEN,0,3
2013120110,CIN @ SD,0,3
2013120111,NYG @ WAS,0,3
2013120105,MIA @ NYJ,0,3
2013120105,NYJ @ MIA,0,3
2013120108,SF @ STL,0,3
2013120107,BUF @ ATL,0,3
2013120100,TB @ CAR,1,3
2013120111,NYG @ WAS,1,3
2013120102,IND @ TEN,1,3
2013120111,WAS @ NYG,1,3
2013120101,JAC @ CLE,1,3
2013120109,HOU @ NE,1,3
2013120109,NE @ HOU,0,4
2013120106,PHI @ ARI,0,4
2013120108,SF @ STL,0,4
2013120104,CHI @ MIN,0,4
2013120103,DEN @ KC,0,4
2013120108,SF @ STL,0,4
2013120107,BUF @ ATL,0,4
2013120100,CAR @ TB,0,4
2013120100,TB @ CAR,0,4
2013120107,ATL @ BUF,0,4
2013120111,WAS @ NYG,0,4
2013120109,HOU @ NE,0,4
2013120106,PHI @ ARI,0,4
2013120101,JAC @ CLE,0,4
2013120102,TEN @ IND,0,4
2013120111,NYG @ WAS,0,4
2013120107,BUF @ ATL,0,4
2013120102,IND @ TEN,0,4
2013120107,ATL @ BUF,0,4
2013120106,PHI @ ARI,0,4
2013120101,CLE @ JAC,0,4
2013120102,TEN @ IND,0,4
2013120105,NYJ @ MIA,0,4
2013120110,SD @ CIN,0,4
2013120107,ATL @ BUF,0,4
2013120105,MIA @ NYJ,0,4
2013120108,STL @ SF,0,4
2013120106,ARI @ PHI,0,4
2013120104,CHI @ MIN,0,4
2013120108,STL @ SF,0,4
2013120106,PHI @ ARI,0,4
2013120105,MIA @ NYJ,1,4
2013120106,ARI @ PHI,1,4
2013120108,SF @ STL,1,4
2013120111,WAS @ NYG,1,4
2013120105,NYJ @ MIA,1,4
2013120104,CHI @ MIN,0,5
2013120200,NO @ SEA,0,1
2013120200,NO @ SEA,1,1
2013120200,NO @ SEA,1,2
2013120200,SEA @ NO,0,3
2013120200,NO @ SEA,0,3
2013120200,SEA @ NO,0,3
2013120200,NO @ SEA,1,3
2013120200,NO @ SEA,0,4
2013120200,SEA @ NO,0,4
2013120500,HOU @ JAC,0,1
2013120500,JAC @ HOU,0,1
2013120500,HOU @ JAC,1,1
2013120500,JAC @ HOU,0,2
2013120500,HOU @ JAC,0,2
2013120500,JAC @ HOU,1,2
2013120500,HOU @ JAC,0,3
2013120500,JAC @ HOU,1,3
2013120500,HOU @ JAC,1,3
2013120500,JAC @ HOU,1,3
2013120500,JAC @ HOU,0,4
2013120500,JAC @ HOU,0,4
2013120500,JAC @ HOU,0,4
2013120800,BAL @ MIN,0,1
2013120807,TB @ BUF,0,1
2013120801,CIN @ IND,0,1
2013120800,MIN @ BAL,0,1
2013120812,SEA @ SF,0,1
2013120810,ARI @ STL,0,1
2013120809,TEN @ DEN,0,1
2013120801,IND @ CIN,0,1
2013120809,DEN @ TEN,0,1
2013120802,CLE @ NE,0,1
2013120801,CIN @ IND,0,1
2013120801,IND @ CIN,0,1
2013120804,NO @ CAR,0,1
2013120803,OAK @ NYJ,0,1
2013120802,NE @ CLE,0,1
2013120800,BAL @ MIN,0,1
2013120813,ATL @ GB,0,1
2013120800,MIN @ BAL,0,1
2013120812,SEA @ SF,0,1
2013120811,SD @ NYG,0,1
2013120805,PHI @ DET,0,1
2013120807,BUF @ TB,0,1
2013120812,SF @ SEA,0,1
2013120812,SEA @ SF,0,1
2013120807,BUF @ TB,0,1
2013120807,BUF @ TB,1,1
2013120805,PHI @ DET,1,1
2013120811,NYG @ SD,1,1
2013120808,WAS @ KC,1,1
2013120807,TB @ BUF,1,1
2013120806,MIA @ PIT,1,1
2013120806,PIT @ MIA,1,1
2013120811,NYG @ SD,1,1
2013120801,IND @ CIN,1,1
2013120805,DET @ PHI,1,1
2013120809,TEN @ DEN,0,2
2013120800,MIN @ BAL,0,2
2013120802,NE @ CLE,0,2
2013120803,OAK @ NYJ,0,2
2013120804,CAR @ NO,0,2
2013120813,ATL @ GB,0,2
2013120813,ATL @ GB,0,2
2013120802,CLE @ NE,0,2
2013120808,KC @ WAS,0,2
2013120803,OAK @ NYJ,0,2
2013120810,STL @ ARI,0,2
2013120807,BUF @ TB,0,2
2013120805,DET @ PHI,0,2
2013120802,NE @ CLE,0,2
2013120805,PHI @ DET,0,2
2013120807,TB @ BUF,0,2
2013120803,NYJ @ OAK,0,2
2013120808,WAS @ KC,0,2
2013120802,CLE @ NE,0,2
2013120804,CAR @ NO,0,2
2013120807,BUF @ TB,0,2
2013120801,CIN @ IND,0,2
2013120808,WAS @ KC,0,2
2013120811,NYG @ SD,0,2
2013120800,BAL @ MIN,0,2
2013120802,NE @ CLE,0,2
2013120809,DEN @ TEN,0,2
2013120805,DET @ PHI,0,2
2013120800,BAL @ MIN,0,2
2013120805,PHI @ DET,0,2
2013120801,IND @ CIN,0,2
2013120806,PIT @ MIA,0,2
2013120806,PIT @ MIA,0,2
2013120810,STL @ ARI,0,2
2013120802,CLE @ NE,1,2
2013120801,IND @ CIN,1,2
2013120806,PIT @ MIA,1,2
2013120806,MIA @ PIT,1,2
2013120800,BAL @ MIN,1,2
2013120806,PIT @ MIA,1,2
2013120800,MIN @ BAL,1,2
2013120806,MIA @ PIT,1,2
2013120800,MIN @ BAL,1,2
2013120809,TEN @ DEN,1,2
2013120808,WAS @ KC,1,2
2013120812,SEA @ SF,0,3
2013120805,DET @ PHI,0,3
2013120804,NO @ CAR,0,3
2013120804,CAR @ NO,0,3
2013120807,TB @ BUF,0,3
2013120810,STL @ ARI,0,3
2013120810,ARI @ STL,0,3
2013120805,PHI @ DET,0,3
2013120801,CIN @ IND,0,3
2013120812,SEA @ SF,0,3
2013120805,DET @ PHI,0,3
2013120800,MIN @ BAL,0,3
2013120800,BAL @ MIN,0,3
2013120808,WAS @ KC,0,3
2013120810,ARI @ STL,0,3
2013120812,SF @ SEA,0,3
2013120808,KC @ WAS,0,3
2013120813,ATL @ GB,0,3
2013120810,STL @ ARI,0,3
2013120805,PHI @ DET,0,3
2013120813,GB @ ATL,0,3
2013120804,NO @ CAR,0,3
2013120801,IND @ CIN,1,3
2013120808,WAS @ KC,1,3
2013120800,MIN @ BAL,1,3
2013120802,CLE @ NE,1,3
2013120813,ATL @ GB,1,3
2013120807,TB @ BUF,1,3
2013120802,NE @ CLE,1,3
2013120808,WAS @ KC,1,3
2013120803,NYJ @ OAK,0,4
2013120804,CAR @ NO,0,4
2013120804,NO @ CAR,0,4
2013120813,GB @ ATL,0,4
2013120808,KC @ WAS,0,4
2013120807,TB @ BUF,0,4
2013120800,MIN @ BAL,0,4
2013120801,CIN @ IND,0,4
2013120812,SF @ SEA,0,4
2013120807,BUF @ TB,0,4
2013120810,STL @ ARI,0,4
2013120800,MIN @ BAL,0,4
2013120810,ARI @ STL,0,4
2013120802,CLE @ NE,0,4
2013120807,TB @ BUF,0,4
2013120812,SEA @ SF,0,4
2013120812,SEA @ SF,0,4
2013120807,BUF @ TB,0,4
2013120812,SF @ SEA,0,4
2013120807,TB @ BUF,1,4
2013120813,GB @ ATL,1,4
2013120807,BUF @ TB,1,4
2013120801,IND @ CIN,1,4
2013120809,TEN @ DEN,1,4
2013120810,STL @ ARI,1,4
2013120808,WAS @ KC,1,4
2013120805,DET @ PHI,1,4
2013120804,CAR @ NO,1,4
2013120900,DAL @ CHI,0,2
2013120900,DAL @ CHI,1,2
2013120900,DAL @ CHI,0,3
2013121200,DEN @ SD,0,2
2013121200,SD @ DEN,0,2
2013121200,DEN @ SD,1,2
2013121200,DEN @ SD,1,2
2013121200,SD @ DEN,0,3
2013121200,SD @ DEN,0,3
2013121200,DEN @ SD,0,3
2013121504,NE @ MIA,0,1
2013121508,TB @ SF,0,1
2013121513,CIN @ PIT,0,1
2013121513,CIN @ PIT,0,1
2013121504,MIA @ NE,0,1
2013121512,GB @ DAL,0,1
2013121506,SEA @ NYG,0,1
2013121508,TB @ SF,0,1
2013121506,NYG @ SEA,0,1
2013121502,HOU @ IND,0,1
2013121505,PHI @ MIN,0,1
2013121510,NYJ @ CAR,0,1
2013121506,NYG @ SEA,0,1
2013121504,MIA @ NE,0,1
2013121507,STL @ NO,0,1
2013121510,CAR @ NYJ,0,1
2013121513,PIT @ CIN,0,1
2013121506,SEA @ NYG,0,1
2013121503,JAC @ BUF,0,1
2013121508,SF @ TB,1,1
2013121513,CIN @ PIT,1,1
2013121508,TB @ SF,1,1
2013121509,ARI @ TEN,1,1
2013121509,TEN @ ARI,0,2
2013121511,KC @ OAK,0,2
2013121509,ARI @ TEN,0,2
2013121501,CLE @ CHI,0,2
2013121501,CLE @ CHI,0,2
2013121512,GB @ DAL,0,2
2013121509,TEN @ ARI,0,2
2013121510,NYJ @ CAR,0,2
2013121506,NYG @ SEA,0,2
2013121508,TB @ SF,0,2
2013121501,CHI @ CLE,0,2
2013121507,STL @ NO,0,2
2013121504,NE @ MIA,0,2
2013121507,STL @ NO,0,2
2013121501,CLE @ CHI,0,2
2013121502,HOU @ IND,0,2
2013121504,MIA @ NE,0,2
2013121501,CHI @ CLE,0,2
2013121508,TB @ SF,0,2
2013121511,KC @ OAK,0,2
2013121503,JAC @ BUF,0,2
2013121512,DAL @ GB,0,2
2013121500,ATL @ WAS,0,2
2013121508,SF @ TB,0,2
2013121506,SEA @ NYG,0,2
2013121512,GB @ DAL,0,2
2013121502,IND @ HOU,0,2
2013121513,CIN @ PIT,0,2
2013121502,HOU @ IND,1,2
2013121500,ATL @ WAS,1,2
2013121503,JAC @ BUF,1,2
2013121507,NO @ STL,1,2
2013121500,ATL @ WAS,1,2
2013121512,GB @ DAL,1,2
2013121506,SEA @ NYG,1,2
2013121506,NYG @ SEA,1,2
2013121503,BUF @ JAC,1,2
2013121511,OAK @ KC,22,2
2013121509,ARI @ TEN,0,3
2013121509,TEN @ ARI,0,3
2013121500,WAS @ ATL,0,3
2013121501,CHI @ CLE,0,3
2013121502,IND @ HOU,0,3
2013121500,ATL @ WAS,0,3
2013121506,SEA @ NYG,0,3
2013121508,SF @ TB,0,3
2013121502,IND @ HOU,0,3
2013121506,NYG @ SEA,0,3
2013121500,WAS @ ATL,0,3
2013121503,BUF @ JAC,0,3
2013121505,MIN @ PHI,0,3
2013121507,NO @ STL,0,3
2013121507,STL @ NO,0,3
2013121502,HOU @ IND,0,3
2013121511,KC @ OAK,0,3
2013121513,CIN @ PIT,0,3
2013121508,SF @ TB,0,3
2013121506,NYG @ SEA,0,3
2013121503,BUF @ JAC,0,3
2013121505,PHI @ MIN,0,3
2013121510,NYJ @ CAR,0,3
2013121512,DAL @ GB,1,3
2013121506,NYG @ SEA,1,3
2013121502,HOU @ IND,1,3
2013121504,NE @ MIA,1,3
2013121508,TB @ SF,1,3
2013121505,MIN @ PHI,1,3
2013121508,TB @ SF,1,3
2013121502,HOU @ IND,1,3
2013121500,WAS @ ATL,1,3
2013121507,STL @ NO,0,4
2013121506,SEA @ NYG,0,4
2013121502,IND @ HOU,0,4
2013121509,ARI @ TEN,0,4
2013121513,PIT @ CIN,0,4
2013121511,KC @ OAK,0,4
2013121501,CLE @ CHI,0,4
2013121502,IND @ HOU,0,4
2013121504,MIA @ NE,0,4
2013121506,SEA @ NYG,0,4
2013121502,HOU @ IND,0,4
2013121507,STL @ NO,0,4
2013121505,MIN @ PHI,0,4
2013121513,PIT @ CIN,0,4
2013121502,IND @ HOU,0,4
2013121505,PHI @ MIN,0,4
2013121510,NYJ @ CAR,0,4
2013121502,HOU @ IND,0,4
2013121501,CLE @ CHI,0,4
2013121500,ATL @ WAS,0,4
2013121502,IND @ HOU,1,4
2013121503,BUF @ JAC,1,4
2013121500,ATL @ WAS,1,4
2013121511,OAK @ KC,1,4
2013121505,PHI @ MIN,1,4
2013121501,CLE @ CHI,1,4
2013121506,NYG @ SEA,1,4
2013121510,CAR @ NYJ,1,4
2013121502,IND @ HOU,3,4
2013121600,DET @ BAL,0,1
2013121600,BAL @ DET,0,1
2013121600,DET @ BAL,0,2
2013121600,DET @ BAL,0,2
2013121600,BAL @ DET,0,2
2013121600,DET @ BAL,1,2
2013121600,BAL @ DET,1,3
2013121600,DET @ BAL,0,4
2013121600,BAL @ DET,0,4
2013121600,BAL @ DET,1,4
2013122201,NO @ CAR,0,1
2013122206,NYJ @ CLE,0,1
2013122214,BAL @ NE,0,1
2013122200,MIA @ BUF,0,1
2013122200,BUF @ MIA,0,1
2013122202,MIN @ CIN,0,1
2013122201,NO @ CAR,0,1
2013122211,SEA @ ARI,0,1
2013122200,MIA @ BUF,0,1
2013122212,PIT @ GB,0,1
2013122209,WAS @ DAL,0,1
2013122210,DET @ NYG,0,1
2013122205,IND @ KC,0,1
2013122208,STL @ TB,0,1
2013122200,BUF @ MIA,0,1
2013122206,NYJ @ CLE,0,1
2013122213,OAK @ SD,0,1
2013122214,BAL @ NE,0,1
2013122204,JAC @ TEN,0,1
2013122207,CHI @ PHI,0,1
2013122204,JAC @ TEN,0,1
2013122212,GB @ PIT,0,1
2013122200,MIA @ BUF,0,1
2013122214,NE @ BAL,0,1
2013122203,HOU @ DEN,0,1
2013122206,CLE @ NYJ,0,1
2013122201,CAR @ NO,1,1
2013122213,OAK @ SD,1,1
2013122205,KC @ IND,1,1
2013122214,BAL @ NE,1,1
2013122204,TEN @ JAC,1,1
2013122201,CAR @ NO,1,1
2013122200,MIA @ BUF,1,1
2013122207,CHI @ PHI,1,1
2013122203,HOU @ DEN,1,1
2013122205,KC @ IND,1,1
2013122209,DAL @ WAS,1,1
2013122202,CIN @ MIN,1,1
2013122211,ARI @ SEA,1,1
2013122211,SEA @ ARI,1,1
2013122202,MIN @ CIN,1,1
2013122205,IND @ KC,1,1
2013122208,TB @ STL,1,1
2013122209,WAS @ DAL,1,1
2013122200,MIA @ BUF,0,2
2013122214,NE @ BAL,0,2
2013122214,NE @ BAL,0,2
2013122201,NO @ CAR,0,2
2013122203,HOU @ DEN,0,2
2013122206,CLE @ NYJ,0,2
2013122202,MIN @ CIN,0,2
2013122200,MIA @ BUF,0,2
2013122210,DET @ NYG,0,2
2013122211,SEA @ ARI,0,2
2013122213,OAK @ SD,0,2
2013122214,BAL @ NE,0,2
2013122208,TB @ STL,0,2
2013122214,BAL @ NE,0,2
2013122212,PIT @ GB,0,2
2013122207,CHI @ PHI,0,2
2013122202,MIN @ CIN,0,2
2013122212,GB @ PIT,0,2
2013122202,CIN @ MIN,0,2
2013122212,PIT @ GB,0,2
2013122207,PHI @ CHI,0,2
2013122200,MIA @ BUF,0,2
2013122211,SEA @ ARI,0,2
2013122210,NYG @ DET,0,2
2013122208,TB @ STL,0,2
2013122202,CIN @ MIN,0,2
2013122203,HOU @ DEN,0,2
2013122214,BAL @ NE,0,2
2013122207,CHI @ PHI,0,2
2013122202,MIN @ CIN,0,2
2013122200,BUF @ MIA,1,2
2013122201,CAR @ NO,1,2
2013122201,NO @ CAR,1,2
2013122212,PIT @ GB,1,2
2013122201,CAR @ NO,1,2
2013122204,JAC @ TEN,1,2
2013122205,KC @ IND,1,2
2013122214,NE @ BAL,1,2
2013122206,NYJ @ CLE,1,2
2013122203,DEN @ HOU,1,2
2013122211,ARI @ SEA,1,2
2013122212,GB @ PIT,1,2
2013122209,DAL @ WAS,1,2
2013122203,HOU @ DEN,5,2
2013122201,NO @ CAR,0,3
2013122212,GB @ PIT,0,3
2013122203,DEN @ HOU,0,3
2013122205,KC @ IND,0,3
2013122201,CAR @ NO,0,3
2013122210,DET @ NYG,0,3
2013122203,HOU @ DEN,0,3
2013122204,JAC @ TEN,0,3
2013122211,SEA @ ARI,0,3
2013122211,ARI @ SEA,0,3
2013122207,CHI @ PHI,0,3
2013122206,CLE @ NYJ,0,3
2013122200,MIA @ BUF,0,3
2013122211,SEA @ ARI,0,3
2013122212,GB @ PIT,0,3
2013122210,NYG @ DET,0,3
2013122211,ARI @ SEA,0,3
2013122200,BUF @ MIA,0,3
2013122203,DEN @ HOU,0,3
2013122211,SEA @ ARI,0,3
2013122207,PHI @ CHI,0,3
2013122200,MIA @ BUF,0,3
2013122213,OAK @ SD,0,3
2013122200,BUF @ MIA,0,3
2013122212,PIT @ GB,0,3
2013122213,SD @ OAK,0,3
2013122211,SEA @ ARI,0,3
2013122206,NYJ @ CLE,0,3
2013122208,STL @ TB,0,3
2013122214,NE @ BAL,1,3
2013122208,TB @ STL,1,3
2013122209,DAL @ WAS,1,3
2013122213,OAK @ SD,1,3
2013122203,DEN @ HOU,1,3
2013122203,HOU @ DEN,1,3
2013122205,KC @ IND,1,3
2013122211,ARI @ SEA,1,3
2013122214,NE @ BAL,1,3
2013122210,NYG @ DET,1,3
2013122203,DEN @ HOU,1,3
2013122201,NO @ CAR,0,4
2013122204,TEN @ JAC,0,4
2013122210,NYG @ DET,0,4
2013122201,CAR @ NO,0,4
2013122212,PIT @ GB,0,4
2013122210,DET @ NYG,0,4
2013122209,WAS @ DAL,0,4
2013122201,CAR @ NO,0,4
2013122203,HOU @ DEN,0,4
2013122205,IND @ KC,0,4
2013122202,CIN @ MIN,0,4
2013122200,BUF @ MIA,0,4
2013122200,MIA @ BUF,0,4
2013122210,NYG @ DET,0,4
2013122210,NYG @ DET,0,4
2013122214,NE @ BAL,0,4
2013122204,TEN @ JAC,0,4
2013122210,NYG @ DET,0,4
2013122203,HOU @ DEN,0,4
2013122204,JAC @ TEN,0,4
2013122214,NE @ BAL,0,4
2013122201,CAR @ NO,0,4
2013122211,SEA @ ARI,0,4
2013122201,NO @ CAR,0,4
2013122210,DET @ NYG,1,4
2013122203,DEN @ HOU,1,4
2013122201,NO @ CAR,1,4
2013122207,CHI @ PHI,1,4
2013122210,DET @ NYG,1,4
2013122212,PIT @ GB,1,4
2013122205,IND @ KC,1,4
2013122210,DET @ NYG,1,5
2013122300,ATL @ SF,0,1
2013122300,ATL @ SF,0,1
2013122300,SF @ ATL,0,2
2013122300,ATL @ SF,0,2
2013122300,SF @ ATL,0,2
2013122300,SF @ ATL,0,2
2013122300,ATL @ SF,0,3
2013122300,ATL @ SF,1,3
2013122915,SEA @ STL,0,1
2013122907,BUF @ NE,0,1
2013122915,STL @ SEA,0,1
2013122911,HOU @ TEN,0,1
2013122909,WAS @ NYG,0,1
2013122903,DAL @ PHI,0,1
2013122906,DET @ MIN,0,1
2013122905,NYJ @ MIA,0,1
2013122909,NYG @ WAS,0,1
2013122906,MIN @ DET,0,1
2013122906,MIN @ DET,0,1
2013122904,JAC @ IND,0,1
2013122900,ATL @ CAR,0,1
2013122905,MIA @ NYJ,0,1
2013122909,NYG @ WAS,0,1
2013122911,TEN @ HOU,0,1
2013122915,STL @ SEA,0,1
2013122914,KC @ SD,0,1
2013122909,WAS @ NYG,0,1
2013122909,NYG @ WAS,0,1
2013122905,MIA @ NYJ,0,1
2013122909,WAS @ NYG,0,1
2013122913,OAK @ DEN,0,1
2013122901,CHI @ GB,0,1
2013122915,SEA @ STL,0,1
2013122900,ATL @ CAR,1,1
2013122906,DET @ MIN,1,1
2013122913,OAK @ DEN,1,1
2013122900,CAR @ ATL,1,1
2013122915,SEA @ STL,1,1
2013122909,WAS @ NYG,1,1
2013122900,CAR @ ATL,1,1
2013122906,DET @ MIN,1,1
2013122904,JAC @ IND,1,1
2013122905,NYJ @ MIA,1,1
2013122906,MIN @ DET,1,1
2013122910,CLE @ PIT,1,1
2013122912,ARI @ SF,1,1
2013122902,BAL @ CIN,0,2
2013122914,SD @ KC,0,2
2013122906,MIN @ DET,0,2
2013122910,CLE @ PIT,0,2
2013122909,WAS @ NYG,0,2
2013122906,DET @ MIN,0,2
2013122911,HOU @ TEN,0,2
2013122905,MIA @ NYJ,0,2
2013122915,STL @ SEA,0,2
2013122904,IND @ JAC,0,2
2013122913,OAK @ DEN,0,2
2013122909,WAS @ NYG,0,2
2013122906,MIN @ DET,0,2
2013122903,PHI @ DAL,0,2
2013122900,ATL @ CAR,0,2
2013122904,JAC @ IND,0,2
2013122915,SEA @ STL,0,2
2013122907,BUF @ NE,0,2
2013122901,CHI @ GB,0,2
2013122904,IND @ JAC,0,2
2013122907,NE @ BUF,0,2
2013122914,SD @ KC,0,2
2013122913,OAK @ DEN,0,2
2013122902,BAL @ CIN,0,2
2013122906,DET @ MIN,0,2
2013122908,TB @ NO,0,2
2013122902,CIN @ BAL,0,2
2013122909,WAS @ NYG,0,2
2013122908,NO @ TB,0,2
2013122912,SF @ ARI,0,2
2013122914,KC @ SD,0,2
2013122903,PHI @ DAL,0,2
2013122912,ARI @ SF,0,2
2013122901,CHI @ GB,0,2
2013122912,SF @ ARI,0,2
2013122910,PIT @ CLE,0,2
2013122911,TEN @ HOU,0,2
2013122902,BAL @ CIN,1,2
2013122905,MIA @ NYJ,1,2
2013122905,NYJ @ MIA,1,2
2013122910,CLE @ PIT,1,2
2013122903,DAL @ PHI,1,2
2013122915,STL @ SEA,1,2
2013122911,HOU @ TEN,1,2
2013122902,BAL @ CIN,1,2
2013122908,TB @ NO,1,2
2013122912,ARI @ SF,1,2
2013122909,WAS @ NYG,0,3
2013122915,STL @ SEA,0,3
2013122904,IND @ JAC,0,3
2013122900,CAR @ ATL,0,3
2013122911,TEN @ HOU,0,3
2013122901,GB @ CHI,0,3
2013122913,OAK @ DEN,0,3
2013122911,HOU @ TEN,0,3
2013122907,NE @ BUF,0,3
2013122914,SD @ KC,0,3
2013122903,PHI @ DAL,0,3
2013122913,DEN @ OAK,0,3
2013122906,MIN @ DET,0,3
2013122902,CIN @ BAL,0,3
2013122907,NE @ BUF,0,3
2013122904,IND @ JAC,0,3
2013122905,NYJ @ MIA,0,3
2013122905,NYJ @ MIA,0,3
2013122904,JAC @ IND,0,3
2013122911,TEN @ HOU,0,3
2013122909,WAS @ NYG,0,3
2013122913,DEN @ OAK,0,3
2013122914,KC @ SD,0,3
2013122915,SEA @ STL,0,3
2013122909,NYG @ WAS,0,3
2013122907,BUF @ NE,0,3
2013122912,SF @ ARI,0,3
2013122910,PIT @ CLE,0,3
2013122914,SD @ KC,0,3
2013122914,KC @ SD,1,3
2013122909,NYG @ WAS,1,3
2013122900,ATL @ CAR,1,3
2013122903,DAL @ PHI,1,3
2013122912,SF @ ARI,1,3
2013122909,NYG @ WAS,1,3
2013122907,BUF @ NE,1,3
2013122909,NYG @ WAS,1,3
2013122914,SD @ KC,1,3
2013122900,CAR @ ATL,1,3
2013122915,STL @ SEA,1,3
2013122901,GB @ CHI,1,3
2013122905,NYJ @ MIA,1,3
2013122902,BAL @ CIN,1,3
2013122903,PHI @ DAL,1,3
2013122911,TEN @ HOU,0,4
2013122900,CAR @ ATL,0,4
2013122910,PIT @ CLE,0,4
2013122904,IND @ JAC,0,4
2013122908,TB @ NO,0,4
2013122909,NYG @ WAS,0,4
2013122900,CAR @ ATL,0,4
2013122906,DET @ MIN,0,4
2013122911,TEN @ HOU,0,4
2013122910,PIT @ CLE,0,4
2013122912,SF @ ARI,0,4
2013122901,CHI @ GB,0,4
2013122908,NO @ TB,0,4
2013122910,CLE @ PIT,0,4
2013122911,HOU @ TEN,0,4
2013122914,KC @ SD,0,4
2013122905,MIA @ NYJ,0,4
2013122910,CLE @ PIT,0,4
2013122908,NO @ TB,0,4
2013122908,NO @ TB,0,4
2013122915,STL @ SEA,0,4
2013122906,MIN @ DET,0,4
2013122904,JAC @ IND,0,4
2013122912,SF @ ARI,0,4
2013122908,TB @ NO,0,4
2013122913,DEN @ OAK,0,4
2013122903,PHI @ DAL,1,4
2013122900,ATL @ CAR,1,4
2013122902,CIN @ BAL,1,4
2013122906,DET @ MIN,1,4
2013122902,BAL @ CIN,1,4
2013122915,SEA @ STL,1,4
2013122914,SD @ KC,2,5
